Regiao_i,Hub_k,O_i,N_col_i,R_col_i,d_ik_km,L_acesso_col_ik_km,L_interno_col_i_km,Dist_col_ik_km,TC_col_ik_reais,C_col_ik_reais_por_pacote
São Paulo,Campinas,39853.34286900001,39853.34286900001,266,106.8902719659621,56865.62468589184,69884.59356756923,126750.21825346106,316875.54563365265,7.95104056076899
São Paulo,Sorocaba,39853.34286900001,39853.34286900001,266,124.75822094514913,66371.37354281933,69884.59356756923,136255.96711038856,340639.9177759714,8.547336139296329
São Paulo,Ribeirão Preto,39853.34286900001,39853.34286900001,266,325.7739259455122,173311.72860301248,69884.59356756923,243196.32217058173,607990.8054264543,15.255704080456974
São Paulo,São José dos Campos,39853.34286900001,39853.34286900001,266,117.40520556315826,62459.569359600195,69884.59356756923,132344.1629271694,330860.4073179235,8.301948682334597
São Paulo,São José do Rio Preto,39853.34286900001,39853.34286900001,266,441.9153998310837,235098.99271013652,69884.59356756923,304983.58627770573,762458.9656942643,19.131618850657176
São Paulo,Bauru,39853.34286900001,39853.34286900001,266,271.0259613935641,144185.8114613761,69884.59356756923,214070.40502894536,535176.0125723634,13.428635442991935
São Paulo,Araraquara,39853.34286900001,39853.34286900001,266,248.89719754679714,132413.30909489607,69884.59356756923,202297.9026624653,505744.75665616326,12.690146428081889
São Paulo,Marília,39853.34286900001,39853.34286900001,266,374.8281077403839,199408.55331788425,69884.59356756923,269293.1468854535,673232.8672136337,16.892757765053357
São Paulo,Presidente Prudente,39853.34286900001,39853.34286900001,266,531.1319849365414,282562.21598624,69884.59356756923,352446.80955380923,881117.0238845231,22.10898661075434
São Paulo,Araçatuba,39853.34286900001,39853.34286900001,266,493.26257764192354,262415.6913055033,69884.59356756923,332300.2848730725,830750.7121826813,20.84519521771114
Campinas,São Paulo,28141.592906000005,28141.592906000005,188,106.8902719659621,40190.74225920175,51901.35113749834,92092.09339670009,230230.23349175023,8.181137232024394
Campinas,Sorocaba,28141.592906000005,28141.592906000005,188,118.83075918836127,44680.36545482384,51901.35113749834,96581.71659232219,241454.2914808055,8.57997954441753
Campinas,Ribeirão Preto,28141.592906000005,28141.592906000005,188,219.45444545735106,82514.871491964,51901.35113749834,134416.22262946234,336040.55657365586,11.941063808865255
Campinas,São José dos Campos,28141.592906000005,28141.592906000005,188,163.44064371885884,61453.68203829092,51901.35113749834,113355.03317578926,283387.58293947316,10.070061914620787
Campinas,São José do Rio Preto,28141.592906000005,28141.592906000005,188,340.018772650455,127847.05851657108,51901.35113749834,179748.40965406943,449371.0241351736,15.968215645652531
Campinas,Bauru,28141.592906000005,28141.592906000005,188,187.23165323648885,70399.10161691981,51901.35113749834,122300.45275441816,305751.1318860454,10.864741484511237
Campinas,Araraquara,28141.592906000005,28141.592906000005,188,144.2673656090199,54244.52946899148,51901.35113749834,106145.88060648982,265364.70151622454,9.42962619076359
Campinas,Marília,28141.592906000005,28141.592906000005,188,304.31185394601744,114421.25708370256,51901.35113749834,166322.6082212009,415806.52055300225,14.775514731589663
Campinas,Presidente Prudente,28141.592906000005,28141.592906000005,188,456.96238640909,171817.85728981785,51901.35113749834,223719.2084273162,559298.0210682905,19.874426544953813
Campinas,Araçatuba,28141.592906000005,28141.592906000005,188,401.86077700837325,151099.65215514833,51901.35113749834,203001.00329264667,507502.5082316167,18.03389416963008
Sorocaba,São Paulo,11796.544977,11796.544977,79,124.75822094514913,19711.798909333564,24358.12146075252,44069.92037008608,110174.80092521521,9.339582152234032
Sorocaba,Campinas,11796.544977,11796.544977,79,118.83075918836127,18775.25995176108,24358.12146075252,43133.3814125136,107833.453531284,9.141104767669637
Sorocaba,Ribeirão Preto,11796.544977,11796.544977,79,297.7151239612954,47038.98958588467,24358.12146075252,71397.11104663719,178492.77761659297,15.130936894201186
Sorocaba,São José dos Campos,11796.544977,11796.544977,79,236.2385421409789,37325.68965827466,24358.12146075252,61683.81111902719,154209.52779756798,13.072431639792322
Sorocaba,São José do Rio Preto,11796.544977,11796.544977,79,366.01168589980415,57829.84637216906,24358.12146075252,82187.96783292158,205469.91958230396,17.417804957545915
Sorocaba,Bauru,11796.544977,11796.544977,79,175.28363035755874,27694.81359649428,24358.12146075252,52052.9350572468,130132.337643117,11.031394183368018
Sorocaba,Araraquara,11796.544977,11796.544977,79,198.62286828700144,31382.413189346225,24358.12146075252,55740.53465009875,139351.33662524688,11.812894105599856
Sorocaba,Marília,11796.544977,11796.544977,79,259.95033114537534,41072.152320969304,24358.12146075252,65430.27378172183,163575.68445430457,13.866406203954796
Sorocaba,Presidente Prudente,11796.544977,11796.544977,79,415.5181279421347,65651.86421485728,24358.12146075252,90009.9856756098,225024.9641890245,19.075497497594505
Sorocaba,Araçatuba,11796.544977,11796.544977,79,394.9653054527486,62404.518261534286,24358.12146075252,86762.63972228681,216906.59930571704,18.387298970048004
Ribeirão Preto,São Paulo,2967.1470000000004,2967.1470000000004,20,325.7739259455122,13030.957037820488,10043.706415478433,23074.66345329892,57686.658633247294,19.44179328939459
Ribeirão Preto,Campinas,2967.1470000000004,2967.1470000000004,20,219.45444545735106,8778.177818294042,10043.706415478433,18821.884233772475,47054.71058443119,15.858570736276693
Ribeirão Preto,Sorocaba,2967.1470000000004,2967.1470000000004,20,297.7151239612954,11908.604958451815,10043.706415478433,21952.31137393025,54880.778434825625,18.496144085488726
Ribeirão Preto,São José dos Campos,2967.1470000000004,2967.1470000000004,20,343.51461995384216,13740.584798153686,10043.706415478433,23784.291213632117,59460.7280340803,20.039697404301265
Ribeirão Preto,São José do Rio Preto,2967.1470000000004,2967.1470000000004,20,176.63997391191918,7065.598956476768,10043.706415478433,17109.3053719552,42773.263429888,14.415619930488107
Ribeirão Preto,Bauru,2967.1470000000004,2967.1470000000004,20,189.45865762927292,7578.346305170917,10043.706415478433,17622.05272064935,44055.13180162337,14.84764044438087
Ribeirão Preto,Araraquara,2967.1470000000004,2967.1470000000004,20,102.91351831187956,4116.540732475182,10043.706415478433,14160.247147953614,35400.61786988404,11.930860813395505
Ribeirão Preto,Marília,2967.1470000000004,2967.1470000000004,20,283.47245407560376,11338.89816302415,10043.706415478433,21382.604578502585,53456.51144625647,18.016131808183573
Ribeirão Preto,Presidente Prudente,2967.1470000000004,2967.1470000000004,20,387.8195883064899,15512.783532259597,10043.706415478433,25556.48994773803,63891.22486934508,21.53288154221718
Ribeirão Preto,Araçatuba,2967.1470000000004,2967.1470000000004,20,280.98378246511254,11239.351298604503,10043.706415478433,21283.057714082934,53207.64428520734,17.93225758117388
São José dos Campos,São Paulo,8933.285558,8933.285558,60,117.40520556315826,14088.624667578992,16373.128423254506,30461.753090833496,76154.38272708374,8.5247899255706
São José dos Campos,Campinas,8933.285558,8933.285558,60,163.44064371885884,19612.87724626306,16373.128423254506,35986.005669517566,89965.01417379391,10.070764400140305
São José dos Campos,Sorocaba,8933.285558,8933.285558,60,236.2385421409789,28348.625056917466,16373.128423254506,44721.753480171974,111804.38370042993,12.515483018485407
São José dos Campos,Ribeirão Preto,8933.285558,8933.285558,60,343.51461995384216,41221.75439446106,16373.128423254506,57594.88281771557,143987.20704428892,16.118057136922538
São José dos Campos,São José do Rio Preto,8933.285558,8933.285558,60,492.42174857907224,59090.60982948867,16373.128423254506,75463.73825274318,188659.34563185793,21.118696408725942
São José dos Campos,Bauru,8933.285558,8933.285558,60,350.6285666647258,42075.4279997671,16373.128423254506,58448.556423021604,146121.39105755402,16.356959610084147
São José dos Campos,Araraquara,8933.285558,8933.285558,60,297.0853374296483,35650.24049155779,16373.128423254506,52023.3689148123,130058.42228703076,14.558856474766992
São José dos Campos,Marília,8933.285558,8933.285558,60,466.1049818207681,55932.59781849217,16373.128423254506,72305.72624174667,180764.31560436668,20.234919664298353
São José dos Campos,Presidente Prudente,8933.285558,8933.285558,60,619.9648896815082,74395.78676178098,16373.128423254506,90768.91518503548,226922.2879625887,25.40188450142777
São José dos Campos,Araçatuba,8933.285558,8933.285558,60,563.2234317485694,67586.81180982833,16373.128423254506,83959.94023308283,209899.8505827071,23.496377589176703
São José do Rio Preto,São Paulo,1225.189183,1225.189183,9,441.9153998310837,7954.477196959506,5417.2293042019055,13371.70650116141,33429.26625290353,27.284983181983847
São José do Rio Preto,Campinas,1225.189183,1225.189183,9,340.018772650455,6120.33790770819,5417.2293042019055,11537.567211910096,28843.91802977524,23.542419758512708
São José do Rio Preto,Sorocaba,1225.189183,1225.189183,9,366.01168589980415,6588.210346196474,5417.2293042019055,12005.43965039838,30013.599125995952,24.497114031405836
São José do Rio Preto,Ribeirão Preto,1225.189183,1225.189183,9,176.63997391191918,3179.5195304145454,5417.2293042019055,8596.74883461645,21491.872086541123,17.54167632619486
São José do Rio Preto,São José dos Campos,1225.189183,1225.189183,9,492.42174857907224,8863.5914744233,5417.2293042019055,14280.820778625206,35702.05194656301,29.140031957467105
São José do Rio Preto,Bauru,1225.189183,1225.189183,9,194.2371369680524,3496.2684654249433,5417.2293042019055,8913.497769626849,22283.74442406712,18.188002908663552
São José do Rio Preto,Araraquara,1225.189183,1225.189183,9,196.54403585431328,3537.792645377639,5417.2293042019055,8955.021949579545,22387.554873948862,18.272733047749135
São José do Rio Preto,Marília,1225.189183,1225.189183,9,200.74943927684444,3613.4899069832,5417.2293042019055,9030.719211185105,22576.798027962763,18.427193401007006
São José do Rio Preto,Presidente Prudente,1225.189183,1225.189183,9,238.4117000592519,4291.410601066535,5417.2293042019055,9708.63990526844,24271.5997631711,19.810491391818875
São José do Rio Preto,Araçatuba,1225.189183,1225.189183,9,113.77080691120292,2047.8745244016527,5417.2293042019055,7465.103828603558,18662.759571508897,15.232553331732197
Bauru,São Paulo,2594.5555630000003,2594.5555630000003,18,271.0259613935641,9756.934610168308,7479.80153905704,17236.736149225348,43091.84037306337,16.60856332682954
Bauru,Campinas,2594.5555630000003,2594.5555630000003,18,187.23165323648885,6740.339516513599,7479.80153905704,14220.141055570639,35550.3526389266,13.701904536521422
Bauru,Sorocaba,2594.5555630000003,2594.5555630000003,18,175.28363035755874,6310.210692872114,7479.80153905704,13790.012231929155,34475.03057982289,13.287451258110861
Bauru,Ribeirão Preto,2594.5555630000003,2594.5555630000003,18,189.45865762927292,6820.511674653825,7479.80153905704,14300.313213710866,35750.78303427716,13.779154913506533
Bauru,São José dos Campos,2594.5555630000003,2594.5555630000003,18,350.6285666647258,12622.628399930129,7479.80153905704,20102.429938987167,50256.07484746791,19.369820235939926
Bauru,São José do Rio Preto,2594.5555630000003,2594.5555630000003,18,194.2371369680524,6992.536930849887,7479.80153905704,14472.338469906927,36180.846174767314,13.944910909108678
Bauru,Araraquara,2594.5555630000003,2594.5555630000003,18,100.43636518949987,3615.709146821995,7479.80153905704,11095.510685879035,27738.77671469759,10.69114769029041
Bauru,Marília,2594.5555630000003,2594.5555630000003,18,122.03883303050095,4393.3979890980345,7479.80153905704,11873.199528155073,29682.998820387686,11.440494566270225
Bauru,Presidente Prudente,2594.5555630000003,2594.5555630000003,18,270.18637533582864,9726.70951208983,7479.80153905704,17206.51105114687,43016.27762786717,16.579439747333392
Bauru,Araçatuba,2594.5555630000003,2594.5555630000003,18,222.97560604983002,8027.121817793881,7479.80153905704,15506.92335685092,38767.3083921273,14.9417915518841
Araraquara,São Paulo,2625.707168,2625.707168,18,248.89719754679714,8960.299111684697,6682.194651354454,15642.49376303915,39106.234407597876,14.893600811314036
Araraquara,Campinas,2625.707168,2625.707168,18,144.2673656090199,5193.625161924716,6682.194651354454,11875.81981327917,29689.549533197925,11.307258438804675
Araraquara,Sorocaba,2625.707168,2625.707168,18,198.62286828700144,7150.423258332052,6682.194651354454,13832.617909686505,34581.544774216265,13.170373755180405
Araraquara,Ribeirão Preto,2625.707168,2625.707168,18,102.91351831187956,3704.886659227664,6682.194651354454,10387.081310582118,25967.703276455293,9.889794106870982
Araraquara,São José dos Campos,2625.707168,2625.707168,18,297.0853374296483,10695.07214746734,6682.194651354454,17377.266798821795,43443.16699705449,16.54532063838068
Araraquara,São José do Rio Preto,2625.707168,2625.707168,18,196.54403585431328,7075.585290755278,6682.194651354454,13757.779942109733,34394.44985527433,13.09911869626824
Araraquara,Bauru,2625.707168,2625.707168,18,100.43636518949987,3615.709146821995,6682.194651354454,10297.903798176449,25744.75949544112,9.80488601668818
Araraquara,Marília,2625.707168,2625.707168,18,215.6135272857426,7762.0869822867335,6682.194651354454,14444.281633641189,36110.704084102974,13.752753743521401
Araraquara,Presidente Prudente,2625.707168,2625.707168,18,348.9977634847596,12563.919485451346,6682.194651354454,19246.1141368058,48115.285342014504,18.32469588703751
Araraquara,Araçatuba,2625.707168,2625.707168,18,270.0834043986802,9723.002558352488,6682.194651354454,16405.19720970694,41012.99302426735,15.619789412962959
Marília,São Paulo,975.685918,975.685918,7,374.8281077403839,5247.593508365375,3877.582687263262,9125.176195628637,22812.940489071592,23.381438707073347
Marília,Campinas,975.685918,975.685918,7,304.31185394601744,4260.365955244244,3877.582687263262,8137.9486425075065,20344.871606268767,20.851865575730045
Marília,Sorocaba,975.685918,975.685918,7,259.95033114537534,3639.3046360352546,3877.582687263262,7516.887323298517,18792.218308246294,19.260520175147484
Marília,Ribeirão Preto,975.685918,975.685918,7,283.47245407560376,3968.6143570584527,3877.582687263262,7846.197044321714,19615.492610804286,20.104310463978926
Marília,São José dos Campos,975.685918,975.685918,7,466.1049818207681,6525.469745490754,3877.582687263262,10403.052432754015,26007.63108188504,26.6557409531917
Marília,São José do Rio Preto,975.685918,975.685918,7,200.74943927684444,2810.492149875822,3877.582687263262,6688.074837139084,16720.187092847707,17.13685396538408
Marília,Bauru,975.685918,975.685918,7,122.03883303050095,1708.5436624270133,3877.582687263262,5586.126349690276,13965.31587422569,14.313331387268919
Marília,Araraquara,975.685918,975.685918,7,215.6135272857426,3018.5893820003967,3877.582687263262,6896.172069263659,17240.430173159148,17.670061497350776
Marília,Presidente Prudente,975.685918,975.685918,7,156.3515501677159,2188.921702348023,3877.582687263262,6066.504389611285,15166.260974028211,15.544204025324685
Marília,Araçatuba,975.685918,975.685918,7,160.10879260712767,2241.5230964997872,3877.582687263262,6119.105783763049,15297.764459407623,15.678984576066847
Presidente Prudente,São Paulo,352.188376,352.188376,3,531.1319849365414,3186.791909619248,2175.616714358294,5362.408623977542,13406.021559943856,38.064917735796755
Presidente Prudente,Campinas,352.188376,352.188376,3,456.96238640909,2741.77431845454,2175.616714358294,4917.391032812834,12293.477582032085,34.90597197345345
Presidente Prudente,Sorocaba,352.188376,352.188376,3,415.5181279421347,2493.108767652808,2175.616714358294,4668.725482011102,11671.813705027755,33.14082604767102
Presidente Prudente,Ribeirão Preto,352.188376,352.188376,3,387.8195883064899,2326.917529838939,2175.616714358294,4502.534244197233,11256.335610493083,31.96112188124313
Presidente Prudente,São José dos Campos,352.188376,352.188376,3,619.9648896815082,3719.789338089049,2175.616714358294,5895.4060524473425,14738.515131118356,41.84838607824568
Presidente Prudente,São José do Rio Preto,352.188376,352.188376,3,238.4117000592519,1430.4702003555115,2175.616714358294,3606.0869147138055,9015.217286784515,25.597713897248315
Presidente Prudente,Bauru,352.188376,352.188376,3,270.18637533582864,1621.1182520149719,2175.616714358294,3796.7349663732657,9491.837415933165,26.951024118789103
Presidente Prudente,Araraquara,352.188376,352.188376,3,348.9977634847596,2093.9865809085577,2175.616714358294,4269.603295266852,10674.008238167131,30.307667616398366
Presidente Prudente,Marília,352.188376,352.188376,3,156.3515501677159,938.1093010062955,2175.616714358294,3113.7260153645893,7784.315038411473,22.10270289673465
Presidente Prudente,Araçatuba,352.188376,352.188376,3,129.47998003515514,776.8798802109309,2175.616714358294,2952.4965945692247,7381.241486423061,20.958220058980768
Araçatuba,São Paulo,534.7604799999999,534.7604799999999,4,493.26257764192354,3946.1006211353883,2450.238823045804,6396.339444181192,15990.84861045298,29.902824177383085
Araçatuba,Campinas,534.7604799999999,534.7604799999999,4,401.86077700837325,3214.886216066986,2450.238823045804,5665.125039112791,14162.812597781976,26.48440400416646
Araçatuba,Sorocaba,534.7604799999999,534.7604799999999,4,394.9653054527486,3159.722443621989,2450.238823045804,5609.961266667793,14024.903166669483,26.22651390893636
Araçatuba,Ribeirão Preto,534.7604799999999,534.7604799999999,4,280.98378246511254,2247.8702597209003,2450.238823045804,4698.109082766705,11745.272706916763,21.963613891057854
Araçatuba,São José dos Campos,534.7604799999999,534.7604799999999,4,563.2234317485694,4505.787453988555,2450.238823045804,6956.02627703436,17390.0656925859,32.519354632537365
Araçatuba,São José do Rio Preto,534.7604799999999,534.7604799999999,4,113.77080691120292,910.1664552896234,2450.238823045804,3360.4052783354273,8401.013195838568,15.709861723212175
Araçatuba,Bauru,534.7604799999999,534.7604799999999,4,222.97560604983002,1783.8048483986402,2450.238823045804,4234.043671444444,10585.10917861111,19.794112643872097
Araçatuba,Araraquara,534.7604799999999,534.7604799999999,4,270.0834043986802,2160.6672351894417,2450.238823045804,4610.906058235246,11527.265145588115,21.555940606508763
Araçatuba,Marília,534.7604799999999,534.7604799999999,4,160.10879260712767,1280.8703408570213,2450.238823045804,3731.1091639028255,9327.772909757063,17.442898753021286
Araçatuba,Presidente Prudente,534.7604799999999,534.7604799999999,4,129.47998003515514,1035.839840281241,2450.238823045804,3486.0786633270454,8715.196658317614,16.297383565662173
