codigo_municipio,nome_municipio,ano_referencia,populacao,rad_pop,pib,estado,lat,lon
3502606,Aparecida d'Oeste (SP),2022,4086,691.4457622806834,168206,SP,-20.478810357772353,-50.92197711225338
3514205,Dolcinópolis (SP),2022,2207,592.8059722917847,63005,SP,-20.117234047746738,-50.52828920269503
3515202,Estrela d'Oeste (SP),2022,9417,837.2747484673415,1211780,SP,-20.265733272320585,-50.411465025714556
3515509,Fernandópolis (SP),2022,71186,1248.3707867870553,2760929,SP,-20.271719690038527,-50.28302417335714
3518008,Guarani d'Oeste (SP),2022,1968,575.2878263887083,38175,SP,-20.06682550651005,-50.34460480978392
3520707,Indiaporã (SP),2022,4035,689.3584986601519,121298,SP,-19.947918511243387,-50.263686884763445
3524808,Jales (SP),2022,48776,1165.3188828325751,2384962,SP,-20.28579732492374,-50.55409920975214
3528205,Macedônia (SP),2022,3963,686.3719180841238,93684,SP,-20.098080689034685,-50.18154799364407
3529104,Marinópolis (SP),2022,1860,566.7577918961344,42490,SP,-20.479884204297164,-50.83233440987931
3529609,Meridiano (SP),2022,4572,710.2622884238358,399566,SP,-20.398202214822295,-50.1866531619681
3530003,Mira Estrela (SP),2022,3126,647.6240932933645,67283,SP,-19.951752616241468,-50.12431581386094
3535200,Palmeira d'Oeste (SP),2022,8903,827.0344740952446,231468,SP,-20.438943623057348,-50.74878029968972
3535903,Paranapuã (SP),2022,4031,689.1938119980646,135993,SP,-20.063768127593953,-50.59403107696528
3536901,Pedranópolis (SP),2022,2787,629.2806289985425,84614,SP,-20.210100604418134,-50.10701685185274
3540408,Populina (SP),2022,4127,693.1072048903469,120314,SP,-19.907282668998285,-50.517286571974566
3544509,Rubinéia (SP),2022,3833,680.8565254737164,145707,SP,-20.249678600311846,-51.01830125866817
3545704,Santa Albertina (SP),2022,6393,767.8944904704515,277755,SP,-20.01414858335697,-50.72770552666068
3546108,Santa Clara d'Oeste (SP),2022,2598,618.1886217645817,101021,SP,-20.066889104757262,-50.90842920055513
3546603,Santa Fé do Sul (SP),2022,34794,1093.5303679889832,1681363,SP,-20.24183434452605,-50.95015916423094
3547205,Santana da Ponte Pensa (SP),2022,1670,550.6499129142775,45598,SP,-20.26071536258069,-50.79710110425345
3547403,Santa Rita d'Oeste (SP),2022,2733,626.1802499658028,82817,SP,-20.097127876583453,-50.8127103580623
3549003,São Francisco (SP),2022,2602,618.4305684716307,50205,SP,-20.36577637921214,-50.675894606936254
3549201,São João das Duas Pontes (SP),2022,2580,617.095821867291,55919,SP,-20.408391412821963,-50.38344103159403
3554904,Três Fronteiras (SP),2022,6804,778.853191502843,130745,SP,-20.27372425701046,-50.86958711830855
3555307,Turmalina (SP),2022,1669,550.5610206754468,72580,SP,-20.083552746726582,-50.45673861989925
3555802,Urânia (SP),2022,8833,825.5993882162592,313528,SP,-20.20890958527709,-50.65252959556991
3501202,Álvares Florence (SP),2022,3915,684.3542447137556,135134,SP,-20.289526181419365,-49.920264188857644
3501806,Américo de Campos (SP),2022,5870,753.0091379910909,141692,SP,-20.289370508243056,-49.76797207868204
3510708,Cardoso (SP),2022,11345,871.7083720422552,372262,SP,-20.067172352980446,-49.947625216039846
3512902,Cosmorama (SP),2022,8719,823.2404396860152,622396,SP,-20.44253431702917,-49.774576644686555
3540309,Pontes Gestal (SP),2022,2387,604.9405813833068,115084,SP,-20.17481722962002,-49.7573811381317
3556107,Valentim Gentil (SP),2022,14098,912.7486939720444,459473,SP,-20.420494112596806,-50.10172177562802
3557105,Votuporanga (SP),2022,96634,1317.602305682024,4138149,SP,-20.457801046766523,-49.989089005152046
3500907,Altair (SP),2022,3451,663.6414778774453,126934,SP,-20.533341991551676,-49.093850445350036
3517901,Guaraci (SP),2022,10350,854.65250924511,449531,SP,-20.374696022391745,-49.00276754102236
3519808,Icém (SP),2022,7819,803.5888870328793,236126,SP,-20.367264367140198,-49.18530676437422
3533908,Olímpia (SP),2022,55074,1191.685097589116,3126541,SP,-20.705229736912226,-48.95959838157348
3534203,Orindiúva (SP),2022,6024,757.5103008637946,697766,SP,-20.20159238782742,-49.35549168233613
3536604,Paulo de Faria (SP),2022,7400,793.7447326000402,306079,SP,-20.06659487819762,-49.463401195135795
3544202,Riolândia (SP),2022,10309,853.9187785857964,313423,SP,-20.02352077639364,-49.70916329134681
3505500,Barretos (SP),2022,122485,1372.5865401715346,6174110,SP,-20.514132793752577,-48.651913678006764
3512001,Colina (SP),2022,18486,965.2608527113166,2117227,SP,-20.74617236666995,-48.58883647916439
3512100,Colômbia (SP),2022,6629,774.2608328874632,473153,SP,-20.266869646170704,-48.72172796018219
3517406,Guaíra (SP),2022,39279,1119.0350504751646,2984915,SP,-20.314011357519473,-48.364174957007016
3524204,Jaborandi (SP),2022,6221,763.1220892119727,174902,SP,-20.64998767958349,-48.415957345079846
3503000,Aramina (SP),2022,5420,739.2304344205462,172550,SP,-20.1450352547508,-47.82061595223299
3508207,Buritizal (SP),2022,4356,702.1282742953805,257455,SP,-20.20931557828039,-47.69293662308381
3517703,Guará (SP),2022,18606,966.5326791062181,749060,SP,-20.482587335900355,-47.775254139567984
3520103,Igarapava (SP),2022,26212,1035.0971846879397,1592921,SP,-20.06369114576857,-47.68247582342011
3521309,Ipuã (SP),2022,14454,917.5200082238445,506912,SP,-20.417487534291315,-48.06651123039808
3524105,Ituverava (SP),2022,37571,1109.6489802660708,2208547,SP,-20.32953924243889,-47.80962571488296
3529708,Miguelópolis (SP),2022,19441,975.1838048062266,1079729,SP,-20.18472127765632,-48.10547959421644
3531902,Morro Agudo (SP),2022,27933,1048.0771797590146,1459845,SP,-20.688681271633673,-48.153383407691756
3534302,Orlândia (SP),2022,38319,1113.8060766190524,2864547,SP,-20.697870757231975,-47.90582998558643
3549409,São Joaquim da Barra (SP),2022,48558,1164.3519753610015,2485889,SP,-20.550527890050216,-47.93854860549536
3513207,Cristais Paulista (SP),2022,9272,834.4373767463458,431298,SP,-20.371318732681946,-47.40089329455281
3516200,Franca (SP),2022,352536,1631.4717938137258,13076033,SP,-20.555205288049443,-47.38108965334202
3523701,Itirapuã (SP),2022,5779,750.3000036096698,188763,SP,-20.657567897326768,-47.169387436855075
3525409,Jeriquara (SP),2022,3863,682.1437411226711,153124,SP,-20.34012547599811,-47.574193046841195
3536307,Patrocínio Paulista (SP),2022,14512,918.2873672162268,1599786,SP,-20.704132736005086,-47.28936751902208
3537008,Pedregulho (SP),2022,15525,931.2649334408285,995360,SP,-20.205596916056045,-47.439052122706954
3542701,Restinga (SP),2022,6404,768.1958174290038,253225,SP,-20.648220519335794,-47.505933117550796
3543105,Ribeirão Corrente (SP),2022,4608,711.5849034570176,211827,SP,-20.44890949323265,-47.57332560939578
3543600,Rifaina (SP),2022,4049,689.9337733944851,207289,SP,-20.060796707221787,-47.44091413232667
3549508,São José da Bela Vista (SP),2022,7626,799.1141954277966,281274,SP,-20.587523928197363,-47.62716573508105
3502101,Andradina (SP),2022,59783,1209.6648792960018,4038899,SP,-20.835551214692405,-51.329666949634884
3502804,Araçatuba (SP),2022,200124,1490.0334065212635,10301206,SP,-21.1137908276652,-50.57464075567265
3506201,Bento de Abreu (SP),2022,2606,618.6721907528861,249335,SP,-21.33172862524783,-50.861928465039064
3511003,Castilho (SP),2022,19977,980.5627589847743,1792751,SP,-20.897498285090947,-51.57019161904567
3517802,Guaraçaí (SP),2022,7441,794.729552608403,280625,SP,-21.086354713119444,-51.27932800314115
3518206,Guararapes (SP),2022,31043,1069.8030963148194,1475720,SP,-21.285055484986383,-50.69511324801467
3523008,Itapura (SP),2022,3979,687.0397021113479,136395,SP,-20.59505414787527,-51.440575861433935
3526506,Lavínia (SP),2022,9689,842.4938731832998,180411,SP,-21.15069055852812,-51.032490126468595
3530102,Mirandópolis (SP),2022,27983,1048.4433883931122,788259,SP,-21.080977103064242,-51.130389546734406
3532108,Murutinga do Sul (SP),2022,3737,676.6770824337202,83672,SP,-20.996745561479877,-51.30139845772307
3533205,Nova Independência (SP),2022,4609,711.6215125824626,207949,SP,-21.13529942322686,-51.505192391263336
3537404,Pereira Barreto (SP),2022,24095,1018.0324937250023,1296050,SP,-20.67772822574189,-51.106571754597255
3544400,Rubiácea (SP),2022,2700,624.2591243563395,69439,SP,-21.36085914983683,-50.78577729676887
3552304,Sud Mennucci (SP),2022,7355,792.6582410022711,210355,SP,-20.66756830577092,-50.90092246955083
3556305,Valparaíso (SP),2022,24241,1019.2519164202167,1338314,SP,-21.20301075590908,-50.92375469281062
3504206,Auriflama (SP),2022,13692,907.1737653082325,392589,SP,-20.64412096213896,-50.57996372033736
3515905,Floreal (SP),2022,2733,626.1802499658028,82993,SP,-20.66955414700024,-50.15481058097051
3516804,Gastão Vidigal (SP),2022,3252,653.9998096322814,83275,SP,-20.80429738227336,-50.2027651244766
3516903,General Salgado (SP),2022,10312,853.9725543568671,298226,SP,-20.638256467201874,-50.41578997785245
3518909,Guzolândia (SP),2022,4246,697.8484905841373,97181,SP,-20.62848465383903,-50.71364571025143
3528304,Magda (SP),2022,3165,649.6212236180436,121127,SP,-20.596459118273152,-50.230009561361406
3533304,Nova Luzitânia (SP),2022,2837,632.1048896590148,59752,SP,-20.86865438046997,-50.24939056198197
3500204,Adolfo (SP),2022,4351,701.9358145238314,152745,SP,-21.288675211881632,-49.65327239706206
3525706,José Bonifácio (SP),2022,36633,1104.3287557523986,1642067,SP,-21.08935078473973,-49.779257275198894
3528106,Macaubal (SP),2022,7481,795.6857206822722,215140,SP,-20.83791052221204,-49.97499457574422
3529500,Mendonça (SP),2022,6159,761.373118127446,474541,SP,-21.194000983270662,-49.57023390919152
3531001,Monções (SP),2022,1937,572.8818156354122,63513,SP,-20.86312582206752,-50.079444934050066
3531407,Monte Aprazível (SP),2022,22280,1002.290248618461,880684,SP,-20.737468357873833,-49.76583051264389
3532504,Neves Paulista (SP),2022,9699,842.6832534823996,312975,SP,-20.87045957871798,-49.64647331501452
3532603,Nhandeara (SP),2022,9852,845.5592845712447,437105,SP,-20.673050894031235,-50.04681533604072
3532702,Nipoã (SP),2022,4750,716.7146106651032,103610,SP,-20.89160917055864,-49.77824027953323
3539608,Planalto (SP),2022,4389,703.3936513336828,231891,SP,-21.001186809912657,-49.93597903234725
3539905,Poloni (SP),2022,5592,744.6123364429803,172112,SP,-20.752444707235057,-49.81995313090136
3551306,Sebastianópolis do Sul (SP),2022,3130,647.8299283315739,424963,SP,-20.629155829475106,-49.91589842718105
3555703,União Paulista (SP),2022,1603,544.589707078287,64215,SP,-20.890530805033336,-49.88725863701476
3504602,Bady Bassitt (SP),2022,27260,1043.0895798631955,666078,SP,-20.931531513225654,-49.43762947112837
3504800,Bálsamo (SP),2022,9596,840.7242459049831,311241,SP,-20.70953678359208,-49.55177766771636
3511300,Cedral (SP),2022,12618,891.679759886476,643216,SP,-20.91389011836693,-49.263895939487334
3517505,Guapiaçu (SP),2022,21711,997.1169457082624,942652,SP,-20.742839885663095,-49.18989837331147
3519402,Ibirá (SP),2022,11690,877.3111720743352,342389,SP,-21.074720487434252,-49.22034248376344
3524501,Jaci (SP),2022,7613,798.8091883227536,713599,SP,-20.945043488554038,-49.581152207932526
3530300,Mirassol (SP),2022,63337,1222.4011026740638,3039965,SP,-20.827623254688692,-49.50423902814169
3530409,Mirassolândia (SP),2022,4669,713.8053498450197,209299,SP,-20.594981839272226,-49.487000563713636
3532801,Nova Aliança (SP),2022,6693,775.9526545057952,385750,SP,-21.062597138650183,-49.515964298291394
3533007,Nova Granada (SP),2022,19419,974.9601911802708,593530,SP,-20.475988389448375,-49.33111495734163
3534005,Onda Verde (SP),2022,4771,717.4617191829174,247119,SP,-20.61741968641775,-49.24360544811903
3535002,Palestina (SP),2022,11476,873.8535035925872,466895,SP,-20.321131303000435,-49.497651407618505
3540804,Potirendaba (SP),2022,18496,965.3671210538522,738362,SP,-21.075522113548736,-49.391716525391594
3549805,São José do Rio Preto (SP),2022,480393,1711.4813788147803,23799646,SP,-20.79720979974515,-49.35810110053595
3553401,Tanabi (SP),2022,25265,1027.623234223134,1408897,SP,-20.53118177531208,-49.64642179055875
3555604,Uchoa (SP),2022,10394,855.4370495028018,408571,SP,-20.936935415525674,-49.15772640242568
3503703,Ariranha (SP),2022,7602,798.5507438851528,1283204,SP,-21.185662918436588,-48.77920115371316
3509304,Cajobi (SP),2022,9133,831.6800712490179,194847,SP,-20.87367954767448,-48.8387551003505
3511102,Catanduva (SP),2022,115791,1359.449224688875,6036118,SP,-21.13372810747023,-48.96364400429629
3511201,Catiguá (SP),2022,7003,783.9497892558255,170229,SP,-21.062833900845348,-49.05278340536994
3521507,Irapuã (SP),2022,6867,780.480829620212,199586,SP,-21.26769488640255,-49.397450926392835
3521903,Itajobi (SP),2022,16989,948.7386009442058,1040975,SP,-21.355538319628,-49.05371479217379
3533502,Novo Horizonte (SP),2022,38324,1113.8336166850422,1821682,SP,-21.46916423353635,-49.283797376343095
3535101,Palmares Paulista (SP),2022,9650,841.7536219826864,158111,SP,-21.104708365829094,-48.826674974818346
3535705,Paraíso (SP),2022,6099,759.6656595760728,341514,SP,-21.019626865487265,-48.7646573202434
3538105,Pindorama (SP),2022,14542,918.6831998233221,580741,SP,-21.20979354391733,-48.911616661807415
3544806,Sales (SP),2022,6437,769.0970550897349,203345,SP,-21.34721030840347,-49.50264700404741
3545605,Santa Adélia (SP),2022,14018,911.661658133686,462737,SP,-21.317765798971507,-48.81901424064523
3551900,Severínia (SP),2022,14576,919.130926896117,314475,SP,-20.793130927741196,-48.79375710927991
3552601,Tabapuã (SP),2022,11323,871.3459537865076,304867,SP,-20.93187379256784,-49.0289064866733
3556008,Urupês (SP),2022,13744,907.8959939624265,549725,SP,-21.205201864182307,-49.265165362746444
3506102,Bebedouro (SP),2022,76373,1264.1369522962586,4756160,SP,-20.94044348951208,-48.510739863547485
3510104,Cândido Rodrigues (SP),2022,2889,634.9963304578703,109176,SP,-21.342837190113574,-48.628620544664024
3515608,Fernando Prestes (SP),2022,5942,755.1264239325067,221149,SP,-21.310277951948464,-48.69565353802058
3518602,Guariba (SP),2022,37498,1109.2392716724025,1312652,SP,-21.39594374633233,-48.226559371024415
3524303,Jaboticabal (SP),2022,71821,1250.3560753264883,3877102,SP,-21.218306082053555,-48.287929345531936
3531308,Monte Alto (SP),2022,47574,1159.9379762739638,2825782,SP,-21.25930875145678,-48.53302436031098
3531506,Monte Azul Paulista (SP),2022,18151,961.6706832055518,806993,SP,-20.90886962445662,-48.68130759717281
3539004,Pirangi (SP),2022,10885,863.9964572037375,422168,SP,-21.09385664348999,-48.669444690513465
3539509,Pitangueiras (SP),2022,33674,1086.6981048283426,1637315,SP,-21.006236485033583,-48.24936947278981
3546504,Santa Ernestina (SP),2022,6118,760.2079576999756,122316,SP,-21.45254706515686,-48.366809102920215
3553104,Taiaçu (SP),2022,5677,747.2181680817189,121216,SP,-21.132176723919557,-48.53029782113913
3553203,Taiúva (SP),2022,6548,772.0987413627672,151516,SP,-21.132683952780674,-48.42826771435777
3553708,Taquaritinga (SP),2022,52260,1180.262035211942,1930594,SP,-21.42557869190885,-48.53783245739718
3554409,Terra Roxa (SP),2022,7904,805.5285511316272,182316,SP,-20.778767374414386,-48.34576504032052
3556800,Viradouro (SP),2022,17414,953.5580620174421,512076,SP,-20.884384405201317,-48.309854353480915
3556909,Vista Alegre do Alto (SP),2022,8109,810.1313756166109,547752,SP,-21.176690553699125,-48.64941413550836
3505609,Barrinha (SP),2022,32092,1076.68889535325,658639,SP,-21.232526760713665,-48.09504400962798
3513108,Cravinhos (SP),2022,33281,1084.2519476236137,2054668,SP,-21.339634830194544,-47.74454086311973
3514601,Dumont (SP),2022,9471,838.3214880066889,421940,SP,-21.24711471649453,-47.97976871431744
3525102,Jardinópolis (SP),2022,45282,1149.3265550170452,1933190,SP,-20.992056312387756,-47.82603919963198
3527603,Luís Antônio (SP),2022,12265,886.3290357958932,1813179,SP,-21.552648054801917,-47.78191370638445
3540200,Pontal (SP),2022,37607,1109.8507631425841,1667660,SP,-20.98456356540238,-48.064420209355774
3540903,Pradópolis (SP),2022,17078,949.7567394198672,1224934,SP,-21.344449673478145,-48.08605998627978
3543402,Ribeirão Preto (SP),2022,698642,1810.8798885481297,47434521,SP,-21.210821967796424,-47.82128319922061
3544905,Sales Oliveira (SP),2022,11411,872.7918740446878,474424,SP,-20.831525694155662,-47.85458458209162
3547502,Santa Rita do Passa Quatro (SP),2022,24833,1024.129567471677,874777,SP,-21.68251806373057,-47.507931494489775
3547601,Santa Rosa de Viterbo (SP),2022,23411,1012.2294180442185,890869,SP,-21.50375204353326,-47.366195256871876
3550902,São Simão (SP),2022,13442,903.6668653045454,531982,SP,-21.46154144059031,-47.568265703075326
3551405,Serra Azul (SP),2022,12746,893.5869430141951,190474,SP,-21.31605535297348,-47.54969830965712
3551504,Serrana (SP),2022,43909,1142.7341873797257,1366460,SP,-21.216893414819072,-47.612346757741754
3551702,Sertãozinho (SP),2022,126887,1380.8722793841816,8098068,SP,-21.122913426576563,-48.00885986466505
3501004,Altinópolis (SP),2022,16818,946.7688973887807,646572,SP,-21.017978103314768,-47.3861519241499
3505906,Batatais (SP),2022,58402,1204.5293886608774,2795758,SP,-20.86778488997793,-47.57474128281505
3507803,Brodowski (SP),2022,25201,1027.1090675330863,971558,SP,-21.04951689852504,-47.627781652050984
3509403,Cajuru (SP),2022,23830,1015.8020518158869,841326,SP,-21.275930045960518,-47.31032576580601
3510906,Cássia dos Coqueiros (SP),2022,2799,629.962466288742,212553,SP,-21.263263593737666,-47.14408870633669
3533601,Nuporanga (SP),2022,7391,793.5279043907127,1003709,SP,-20.704849780224897,-47.72907934252227
3547908,Santo Antônio da Alegria (SP),2022,6775,778.0994654031315,201695,SP,-21.092312267163518,-47.195837215724474
3500105,Adamantina (SP),2022,34687,1092.8863032629245,1542109,SP,-21.576640706403197,-51.05678263012425
3514403,Dracena (SP),2022,45474,1150.2339449052308,1626666,SP,-21.55668071920719,-51.58403831233188
3515806,Flora Rica (SP),2022,1487,533.559532120907,47500,SP,-21.698457310927555,-51.37425148666083
3516002,Flórida Paulista (SP),2022,12958,896.7083626731417,289807,SP,-21.539911397545747,-51.1706335094088
3520806,Inúbia Paulista (SP),2022,3615,671.2274417080653,160509,SP,-21.73900470738975,-50.95739904508545
3521606,Irapuru (SP),2022,7085,786.0125978762102,116247,SP,-21.484108889897147,-51.34647047348986
3526001,Junqueirópolis (SP),2022,20448,985.1833650002595,878756,SP,-21.448821756220916,-51.43504498350602
3527405,Lucélia (SP),2022,20061,981.3939431121985,541971,SP,-21.644057263444473,-50.99160293231157
3528908,Mariápolis (SP),2022,3513,666.5458050111538,69906,SP,-21.779153351373797,-51.17180595347706
3531605,Monte Castelo (SP),2022,4222,696.901763616297,130920,SP,-21.254851200483166,-51.571379612722744
3533106,Nova Guataporanga (SP),2022,2156,589.2112847660612,38624,SP,-21.322384289030694,-51.64545283695876
3534609,Osvaldo Cruz (SP),2022,31272,1071.3240326356047,1231458,SP,-21.732727360860014,-50.87386819170863
3534807,Ouro Verde (SP),2022,7779,802.6696135715314,143472,SP,-21.510404926614683,-51.73784425512117
3534906,Pacaembu (SP),2022,14877,923.0543349328377,244522,SP,-21.495489397308695,-51.27420029322318
3535408,Panorama (SP),2022,14964,924.1750946255158,343055,SP,-21.463298345127544,-51.85807599991639
3536000,Parapuã (SP),2022,10580,858.7211263211684,881743,SP,-21.852878730586358,-50.82166853728339
3536406,Paulicéia (SP),2022,7955,806.6834711721478,254094,SP,-21.198323793809823,-51.79070027949519
3543808,Rinópolis (SP),2022,9259,834.181065253971,387788,SP,-21.681161933956773,-50.717448285589384
3544707,Sagres (SP),2022,2474,610.5221295636961,54988,SP,-21.867807039308403,-50.990279193503234
3545100,Salmourão (SP),2022,4808,718.7710249203279,92861,SP,-21.588032466423822,-50.87630330988695
3547106,Santa Mercedes (SP),2022,2956,638.655472028103,73933,SP,-21.31678186108811,-51.73712567378736
3549300,São João do Pau d'Alho (SP),2022,2242,595.2313221932125,64166,SP,-21.22345533502951,-51.673040085423864
3555109,Tupi Paulista (SP),2022,15854,935.3166675869589,375898,SP,-21.390394194887726,-51.58719855394404
3501103,Alto Alegre (SP),2022,3841,681.2006463404916,113062,SP,-21.612516926261577,-50.192116981199746
3504404,Avanhandava (SP),2022,11263,870.3543352510662,219883,SP,-21.4605030898058,-49.9473298092103
3505104,Barbosa (SP),2022,5640,746.0881344551798,129133,SP,-21.29066311044934,-49.92215209359046
3506409,Bilac (SP),2022,7319,791.7847908019384,279245,SP,-21.427772850713566,-50.47925725302321
3506508,Birigui (SP),2022,118979,1365.7901032002378,4489461,SP,-21.26154500268855,-50.350949631252405
3507704,Braúna (SP),2022,5356,737.1892732210449,118470,SP,-21.55309095223882,-50.33938834679344
3508108,Buritama (SP),2022,17210,951.2580537530564,646239,SP,-21.049114685464332,-50.20021961423719
3511904,Clementina (SP),2022,6982,783.4180636126976,200098,SP,-21.570333834346982,-50.46005646313939
3512506,Coroados (SP),2022,5400,738.5948697289775,257148,SP,-21.375556375828133,-50.30336688775487
3516507,Gabriel Monteiro (SP),2022,2763,627.909222106172,109552,SP,-21.499575835036783,-50.564741990942515
3517109,Glicério (SP),2022,4138,693.550486489693,138649,SP,-21.34021867105478,-50.19884308939417
3527702,Luiziânia (SP),2022,4701,714.9599656108123,95717,SP,-21.67262084836909,-50.3508317889724
3537305,Penápolis (SP),2022,61679,1216.5425551713834,2259079,SP,-21.405345074870738,-50.095670761913624
3537701,Piacatu (SP),2022,5519,742.34628236297,116896,SP,-21.57133055960444,-50.64362672416931
3548401,Santópolis do Aguapeí (SP),2022,3899,683.6768525821093,87086,SP,-21.6601870070653,-50.517983544995744
3555208,Turiúba (SP),2022,1818,563.3241428614316,61350,SP,-20.940490126608307,-50.11126876641508
3500709,Agudos (SP),2022,37680,1110.2593978570685,2685446,SP,-22.571864869898512,-49.108538410988146
3503406,Arealva (SP),2022,8130,810.5970264295273,252102,SP,-22.076271121927054,-48.9818692802752
3504305,Avaí (SP),2022,4483,706.9526686799737,330717,SP,-22.18716380396824,-49.316178564018095
3504701,Balbinos (SP),2022,3887,683.1672030138192,62119,SP,-21.89241709520972,-49.33308358185736
3506003,Bauru (SP),2022,379146,1650.1140818938234,18612853,SP,-22.25396870413672,-49.12615834304627
3508306,Cabrália Paulista (SP),2022,4299,699.9226029138161,120867,SP,-22.48946573174087,-49.3729737995417
3508801,Cafelândia (SP),2022,16654,944.8628710470767,737489,SP,-21.73110319334491,-49.54853826806
3514502,Duartina (SP),2022,12328,887.2939876078276,324954,SP,-22.39328454586104,-49.41334097224206
3517000,Getulina (SP),2022,10232,852.5337356442868,220876,SP,-21.78327631307917,-50.027941900544526
3517208,Guaiçara (SP),2022,11239,869.9563667749073,260000,SP,-21.56945140924232,-49.76267407583574
3517307,Guaimbê (SP),2022,5512,742.1275996331669,462426,SP,-21.87845743617557,-49.86059991589777
3518107,Guarantã (SP),2022,6427,768.8243858647636,212071,SP,-21.91614515490628,-49.588365965246055
3519105,Iacanga (SP),2022,10437,856.20090268102,843177,SP,-21.890884361221108,-49.03962506403459
3525805,Júlio Mesquita (SP),2022,4254,698.1630195737245,67851,SP,-21.972951210184057,-49.79336127332422
3526803,Lençóis Paulista (SP),2022,66505,1233.217448668486,5881418,SP,-22.676069766218056,-48.825009288749705
3527108,Lins (SP),2022,74779,1259.3984616978337,8848509,SP,-21.64971786847322,-49.68281595243921
3527504,Lucianópolis (SP),2022,2372,603.9603754863444,73640,SP,-22.473341411521538,-49.55028753528939
3538907,Pirajuí (SP),2022,22431,1003.6431540459303,582403,SP,-21.957558818593807,-49.41346134870494
3539400,Piratininga (SP),2022,15108,926.0173799545012,325773,SP,-22.424959761683105,-49.19182182167889
3540101,Pongaí (SP),2022,3395,660.9785999376858,99854,SP,-21.730175799071734,-49.35888983832379
3541109,Presidente Alves (SP),2022,3804,679.6037732609464,81380,SP,-22.122156554295337,-49.431702621419724
3541604,Promissão (SP),2022,35131,1095.547230595816,2922928,SP,-21.52445543578282,-49.87034927854784
3542503,Reginópolis (SP),2022,7662,799.9564268306383,197943,SP,-21.883072877409614,-49.18045491955012
3544608,Sabino (SP),2022,5112,729.2043004038105,167592,SP,-21.4708183588952,-49.575658283336935
3555901,Uru (SP),2022,1387,523.4375515227405,51166,SP,-21.765971291914582,-49.296280904729784
3501707,Américo Brasiliense (SP),2022,33019,1082.606628030907,1376814,SP,-21.72232664588278,-48.03235241550824
3503208,Araraquara (SP),2022,242228,1537.0134641141344,13194879,SP,-21.79161721056708,-48.181348991093365
3506706,Boa Esperança do Sul (SP),2022,12978,897.0004737663935,426175,SP,-21.93501652879809,-48.463583586914226
3507407,Borborema (SP),2022,14226,914.4765172662579,559934,SP,-21.6107706328263,-49.071988357500466
3513702,Descalvado (SP),2022,31756,1074.5057594028372,2328296,SP,-21.88119560224028,-47.654614474406536
3514007,Dobrada (SP),2022,8759,824.0712500095483,160516,SP,-21.51613343160802,-48.3573088645234
3514304,Dourado (SP),2022,8096,809.8425781243043,856063,SP,-22.11730096936458,-48.33356789622996
3519303,Ibaté (SP),2022,32178,1077.2443537298798,1231163,SP,-21.95090729137834,-48.027272926734696
3519600,Ibitinga (SP),2022,60033,1210.5830020106994,1961941,SP,-21.792959197919664,-48.84784113297976
3522703,Itápolis (SP),2022,39493,1120.1848875956032,1973006,SP,-21.548093520212078,-48.81548804870058
3529302,Matão (SP),2022,79033,1271.8473013600344,6187824,SP,-21.610123995820448,-48.43014450140299
3532900,Nova Europa (SP),2022,9311,835.204395620161,430590,SP,-21.77430626122923,-48.549588222117904
3542909,Ribeirão Bonito (SP),2022,10989,865.7651257989124,412615,SP,-22.06009981402039,-48.1853617101415
3543709,Rincão (SP),2022,9098,830.9798991652775,252857,SP,-21.593883684028214,-48.03203384432533
3546900,Santa Lúcia (SP),2022,7149,787.6079291647311,141710,SP,-21.670758148508057,-48.057341066057354
3548906,São Carlos (SP),2022,254857,1549.6410365308607,15599640,SP,-21.918747517366008,-47.86714997787229
3552700,Tabatinga (SP),2022,14769,921.6548491539163,376565,SP,-21.712499520655356,-48.62904807803721
3500303,Aguaí (SP),2022,32072,1076.559526227988,1538789,SP,-22.049971179016115,-47.04032808895964
3510807,Casa Branca (SP),2022,28083,1049.1740377660617,1260886,SP,-21.800482848223577,-47.0881346809688
3526704,Leme (SP),2022,98161,1321.2040989747406,5139315,SP,-22.172151911171515,-47.33759788647594
3530706,Mogi Guaçu (SP),2022,153658,1426.229391995973,8182932,SP,-22.232100400182027,-47.02900562563007
3530805,Mogi Mirim (SP),2022,92558,1307.7273589361603,7317579,SP,-22.451359943509352,-46.988385902983815
3539301,Pirassununga (SP),2022,73545,1255.6665339117776,3844918,SP,-21.995926560249554,-47.389863586292954
3540705,Porto Ferreira (SP),2022,52649,1181.8739283947323,2690983,SP,-21.842603048702333,-47.447166668969366
3546207,Santa Cruz da Conceição (SP),2022,4277,699.064398638209,173306,SP,-22.121351330366416,-47.485593303992964
3546306,Santa Cruz das Palmeiras (SP),2022,28864,1054.8009780838884,723280,SP,-21.855492508678022,-47.25014920688004
3553302,Tambaú (SP),2022,21435,994.5634848840717,843711,SP,-21.601761501673764,-47.23900451517347
3500402,Águas da Prata (SP),2022,7369,792.9968914995086,237447,SP,-21.913697238024373,-46.69170711003173
3508702,Caconde (SP),2022,17101,950.0190795439913,479156,SP,-21.53951112567739,-46.617034794973655
3513900,Divinolândia (SP),2022,11158,868.6075984442056,418610,SP,-21.661679980119445,-46.69741543810553
3523800,Itobi (SP),2022,8046,808.7279632509083,250848,SP,-21.748982824488575,-46.92199050275636
3530508,Mococa (SP),2022,67681,1237.1135807310372,3478085,SP,-21.449464912435538,-47.03296957819557
3515186,Espírito Santo do Pinhal (SP),2022,39816,1121.9097497006705,2399383,SP,-22.19249063232953,-46.79333215267269
3548104,Santo Antônio do Jardim (SP),2022,6126,760.4358478050882,274001,SP,-22.130328369853277,-46.68349001840818
3549102,São João da Boa Vista (SP),2022,92547,1307.7001763436297,4683629,SP,-21.97798123973257,-46.80220321559697
3549706,São José do Rio Pardo (SP),2022,52205,1180.0332541435318,2619386,SP,-21.60368518492075,-46.87950730998742
3550803,São Sebastião da Grama (SP),2022,10441,856.2718160188206,379072,SP,-21.75404737889243,-46.7529854229322
3553609,Tapiratiba (SP),2022,11816,879.3206408728333,294802,SP,-21.45077492667975,-46.741833206505724
3556404,Vargem Grande do Sul (SP),2022,40133,1123.5902941323204,1357283,SP,-21.86068425083291,-46.89892949495827
3501400,Álvaro de Carvalho (SP),2022,4808,718.7710249203279,59626,SP,-22.086537188297697,-49.73400128966081
3501509,Alvinlândia (SP),2022,2885,634.7755344976526,64404,SP,-22.452524233685704,-49.7585036482071
3505807,Bastos (SP),2022,21503,995.1953329655421,1141590,SP,-21.950213130889637,-50.74397870551323
3516606,Gália (SP),2022,6380,767.5377840608026,167524,SP,-22.320437052778647,-49.577695830660794
3516705,Garça (SP),2022,42110,1133.8076694017957,1657853,SP,-22.231009814264524,-49.68960904763224
3519006,Herculândia (SP),2022,9125,831.5202428003172,420580,SP,-21.962301685404437,-50.37310318830704
3519204,Iacri (SP),2022,6131,760.5781453607922,288025,SP,-21.799827443838897,-50.61942456273613
3527801,Lupércio (SP),2022,3981,687.123009018294,96789,SP,-22.427235804380047,-49.81699159037163
3529005,Marília (SP),2022,237627,1532.262099896402,11020231,SP,-22.17764610135319,-49.983037480315936
3533700,Ocauçu (SP),2022,4331,701.1640225700946,128930,SP,-22.438068365517104,-49.93792756060276
3534104,Oriente (SP),2022,6085,759.265113652076,148157,SP,-22.14193491135059,-50.09373043076949
3540002,Pompéia (SP),2022,20196,982.7232420424895,2325357,SP,-22.029110147928947,-50.187694546687716
3541802,Queiroz (SP),2022,3265,654.6452440518606,747540,SP,-21.800549624431156,-50.245250774368934
3542008,Quintana (SP),2022,7038,784.8328636051627,326893,SP,-22.100187746325474,-50.36924206841187
3555000,Tupã (SP),2022,63928,1224.455719568627,2509746,SP,-21.94725631615466,-50.53458411246192
3555505,Ubirajara (SP),2022,5132,729.8713296278061,123802,SP,-22.544311977097,-49.66590433739516
3556602,Vera Cruz (SP),2022,10176,851.5205818791013,277525,SP,-22.234049162025077,-49.82617182552868
3505203,Bariri (SP),2022,31595,1073.4522674753666,1810874,SP,-22.06678854835755,-48.71882135694049
3505302,Barra Bonita (SP),2022,34346,1090.8216677706018,1760476,SP,-22.479484615933778,-48.54176387078654
3506805,Bocaina (SP),2022,11259,870.2880597814628,306479,SP,-22.105434671655555,-48.52906825507299
3507308,Boracéia (SP),2022,4715,715.4629321797547,582111,SP,-22.170147953115528,-48.78833953574826
3514106,Dois Córregos (SP),2022,24510,1021.4814356315883,1007949,SP,-22.395838426619232,-48.34052818576565
3520004,Igaraçu do Tietê (SP),2022,23106,1009.5924145397623,416079,SP,-22.54173457129389,-48.57455898149049
3522000,Itaju (SP),2022,3618,671.363373062194,338466,SP,-21.951609871226143,-48.79394452639429
3522901,Itapuí (SP),2022,13659,906.7141535240365,1235795,SP,-22.250821213135197,-48.701468187321204
3525300,Jaú (SP),2022,133497,1392.8329248257223,6248400,SP,-22.296046798761694,-48.55600723759379
3528007,Macatuba (SP),2022,16829,946.8961430335014,636544,SP,-22.487118834562533,-48.71936866465614
3529807,Mineiros do Tietê (SP),2022,11230,869.8069329667522,255740,SP,-22.4632407002715,-48.43324785733339
3536703,Pederneiras (SP),2022,44827,1147.1622222891463,3986159,SP,-22.30140491551043,-48.8611084027812
3500600,Águas de São Pedro (SP),2022,2780,628.8817048054027,160665,SP,-22.598649220898075,-47.876100697181954
3502002,Analândia (SP),2022,4589,710.8879961576044,210932,SP,-22.121093335647725,-47.67794853258428
3507902,Brotas (SP),2022,23898,1016.3765145924202,1355481,SP,-22.27327176376043,-48.0812142589668
3512704,Corumbataí (SP),2022,4195,695.8310168121807,340220,SP,-22.236393736539828,-47.61103651852954
3521101,Ipeúna (SP),2022,6831,779.5523802309147,985604,SP,-22.423910348173216,-47.71603838725339
3523602,Itirapina (SP),2022,16148,938.874079218019,1735171,SP,-22.29455297354593,-47.83404268822029
3543907,Rio Claro (SP),2022,201418,1491.6073076082878,13877680,SP,-22.373886329077475,-47.57988740157356
3547007,Santa Maria da Serra (SP),2022,5243,733.5321476407545,164149,SP,-22.56456331997237,-48.15426938008062
3550407,São Pedro (SP),2022,38256,1113.4587927849018,1023482,SP,-22.55816078463935,-47.92466854906726
3554706,Torrinha (SP),2022,9335,835.674986320849,320480,SP,-22.44457094231597,-48.164440475723374
3501608,Americana (SP),2022,237240,1531.8586059732572,16677591,SP,-22.723247300078185,-47.28909976661602
3503307,Araras (SP),2022,130866,1388.138551530492,8447071,SP,-22.346153806326942,-47.32385152933751
3503802,Artur Nogueira (SP),2022,51456,1176.8956935334227,2306807,SP,-22.561186694876955,-47.13215069664884
3509502,Campinas (SP),2022,1139047,1944.82618381528,80646591,SP,-22.88372509048811,-47.04373563614251
3512209,Conchal (SP),2022,28101,1049.3053052639225,978772,SP,-22.369298342669524,-47.14112047704778
3512407,Cordeirópolis (SP),2022,24514,1021.5144216566915,4216369,SP,-22.47954693199638,-47.41467212512177
3512803,Cosmópolis (SP),2022,59773,1209.6280818353928,2059490,SP,-22.651639033896107,-47.186353348877624
3514908,Elias Fausto (SP),2022,17699,956.7311408733672,1510916,SP,-23.070634928938137,-47.37065192028048
3520509,Indaiatuba (SP),2022,255748,1550.5100559896923,26940478,SP,-23.106087342155835,-47.20251140528459
3524709,Jaguariúna (SP),2022,59347,1208.0552892682892,13930315,SP,-22.691979027213662,-47.01276910028832
3526902,Limeira (SP),2022,291869,1583.585749037382,19078470,SP,-22.59849703861692,-47.363674661460706
3531803,Monte Mor (SP),2022,64662,1226.9835566839213,4751056,SP,-22.953195494777734,-47.30732096293161
3533403,Nova Odessa (SP),2022,62019,1217.7555227450687,4620501,SP,-22.784105304627644,-47.28516833253507
3536505,Paulínia (SP),2022,110537,1348.6422134048125,70496584,SP,-22.748355573217967,-47.14505858078983
3548005,Santo Antônio de Posse (SP),2022,23244,1010.7894095280506,1947452,SP,-22.60329679322815,-46.94989784991446
3552403,Sumaré (SP),2022,279545,1572.7463833875584,17753219,SP,-22.841848330651814,-47.26296144514318
3556206,Valinhos (SP),2022,126373,1379.9184760290675,9259974,SP,-22.975114936200296,-46.98128220002695
3556701,Vinhedo (SP),2022,76540,1264.628167129401,14061248,SP,-23.046470290344683,-46.97922145795142
3500501,Águas de Lindóia (SP),2022,17930,959.2695239170566,709590,SP,-22.47482397343919,-46.60364791893447
3501905,Amparo (SP),2022,68008,1238.1859955798461,6156333,SP,-22.699099207128324,-46.79872945373345
3522604,Itapira (SP),2022,72022,1250.9811598151132,5497230,SP,-22.431937133102082,-46.77207956232691
3527009,Lindóia (SP),2022,7014,784.227747978395,321980,SP,-22.513376754144282,-46.655047351707815
3531209,Monte Alegre do Sul (SP),2022,8627,821.3166306889711,284876,SP,-22.704306857748634,-46.66765916951568
3537107,Pedreira (SP),2022,43112,1138.8212153933764,1636577,SP,-22.75470063957111,-46.88856257313319
3551603,Serra Negra (SP),2022,29894,1062.015385504532,896883,SP,-22.58909517466625,-46.6872873001636
3552106,Socorro (SP),2022,40122,1123.532180375207,1269084,SP,-22.611161045876443,-46.52438172672539
3500808,Alfredo Marcondes (SP),2022,4445,705.5219070161389,129965,SP,-21.934979912303884,-51.395667945270034
3501301,Álvares Machado (SP),2022,27255,1043.0521109683368,820451,SP,-22.13146459485937,-51.514882707490855
3502408,Anhumas (SP),2022,4023,688.8640070138088,100740,SP,-22.362016100488752,-51.427755980312
3508900,Caiabu (SP),2022,3712,675.5732143796556,70621,SP,-21.949730597934266,-51.223890046699914
3509106,Caiuá (SP),2022,5466,740.6844042341718,91473,SP,-21.801337663208592,-51.98652332326721
3515301,Estrela do Norte (SP),2022,2703,624.4346171517011,56385,SP,-22.485626587063145,-51.66908212228191
3519907,Iepê (SP),2022,7619,798.9500182643687,476847,SP,-22.64859929757632,-51.057178846058726
3520608,Indiana (SP),2022,5090,728.4679018102204,90275,SP,-22.133226654383172,-51.26255846516201
3525607,João Ramalho (SP),2022,4371,702.7044885643933,119071,SP,-22.277882626901015,-50.79909564593785
3528700,Marabá Paulista (SP),2022,4573,710.299151476467,139887,SP,-22.127676193834088,-52.056547185880866
3529203,Martinópolis (SP),2022,24881,1024.5204457541113,766182,SP,-22.172130488275158,-51.12335515834886
3530201,Mirante do Paranapanema (SP),2022,15917,936.083920594165,585090,SP,-22.349221075498008,-51.99788644898425
3532207,Narandiba (SP),2022,5713,748.3114261549212,741379,SP,-22.56365763451882,-51.52167686472022
3538303,Piquerobi (SP),2022,3264,654.5956752851755,75045,SP,-21.85260074127888,-51.731486114943166
3539202,Pirapozinho (SP),2022,25348,1028.2882984691785,1226916,SP,-22.479046080067352,-51.61959440111722
3541208,Presidente Bernardes (SP),2022,14490,917.9966239051193,336492,SP,-22.10716127760237,-51.62020879572362
3541307,Presidente Epitácio (SP),2022,39505,1120.249197258353,1570778,SP,-21.91039648347655,-52.174601598439544
3541406,Presidente Prudente (SP),2022,225668,1519.5049554366346,10344115,SP,-21.993056491561738,-51.34305153488395
3541505,Presidente Venceslau (SP),2022,35201,1095.963967589661,912752,SP,-21.792921213334555,-51.838259135124154
3542206,Rancharia (SP),2022,28588,1052.8283312858548,1724783,SP,-22.282523568059577,-50.92827134047339
3542404,Regente Feijó (SP),2022,20145,982.2220040702297,1123239,SP,-22.252505674492053,-51.29407610823585
3545506,Sandovalina (SP),2022,3645,672.582322046146,378966,SP,-22.477852764680048,-51.84208811101409
3547700,Santo Anastácio (SP),2022,17963,959.6297501895463,578356,SP,-22.037604957770288,-51.722456861005085
3548302,Santo Expedito (SP),2022,3000,641.0192162832172,53813,SP,-21.824852497412106,-51.37018347942868
3552908,Taciba (SP),2022,6260,764.214356583869,199128,SP,-22.504818905432117,-51.34225860761443
3553906,Tarabai (SP),2022,6536,771.7764179050721,170113,SP,-22.357975314842392,-51.625760532464646
3554300,Teodoro Sampaio (SP),2022,22173,1001.3265619406816,678820,SP,-22.416555915704606,-52.37414256843526
3504008,Assis (SP),2022,101409,1328.698183742729,4581891,SP,-22.60171272302568,-50.4207377646832
3507209,Borá (SP),2022,907,463.7804019086019,92174,SP,-22.24419807655068,-50.50211887930621
3509809,Campos Novos Paulista (SP),2022,4888,721.571843424473,234017,SP,-22.61086334692394,-50.01028956326345
3510005,Cândido Mota (SP),2022,29449,1058.9264566026943,2074288,SP,-22.808656405659708,-50.421664564722285
3513306,Cruzália (SP),2022,2108,585.7598433221071,217898,SP,-22.737990053336265,-50.76904672342539
3514700,Echaporã (SP),2022,6205,762.6722245721163,166592,SP,-22.44818818111112,-50.20060378031846
3516101,Florínea (SP),2022,3851,681.6299127331935,196358,SP,-22.881221926843907,-50.69531473803989
3519501,Ibirarema (SP),2022,6385,767.6750549659413,281211,SP,-22.813313650308643,-50.07692917960534
3527900,Lutécia (SP),2022,2661,621.9620828695686,100631,SP,-22.325228998216748,-50.38546744027576
3528809,Maracaí (SP),2022,12673,892.5013625235301,953215,SP,-22.652265408378607,-50.74532537236932
3534500,Oscar Bressane (SP),2022,2470,610.2692886512046,104638,SP,-22.295352879561236,-50.25735973263852
3535309,Palmital (SP),2022,19594,976.7326750838479,1256952,SP,-22.828771464477462,-50.2209347056133
3535507,Paraguaçu Paulista (SP),2022,41120,1128.7468594039208,2653821,SP,-22.459078978981946,-50.62651257137407
3539707,Platina (SP),2022,3025,642.348770298617,139777,SP,-22.62521560149689,-50.212743192926204
3541703,Quatá (SP),2022,13163,899.6835777908199,917951,SP,-22.205883820118057,-50.64525773783106
3506300,Bernardino de Campos (SP),2022,11607,875.9768780881038,482828,SP,-23.03073596268078,-49.491891488524466
3557204,Chavantes (SP),2022,12211,885.4984017788704,379732,SP,-23.046323697165562,-49.72653626808657
3515400,Fartura (SP),2022,16641,944.7110642235031,482673,SP,-23.390160835716312,-49.51969177297826
3520905,Ipaussu (SP),2022,13712,907.4518356194694,583771,SP,-23.06510953054641,-49.60813214221963
3528601,Manduri (SP),2022,9871,845.9136556567526,310584,SP,-23.046993390515578,-49.30364448141131
3533809,Óleo (SP),2022,2512,612.9065006035542,121966,SP,-22.95365082280084,-49.38303147194499
3534708,Ourinhos (SP),2022,103970,1334.4541574280988,4463317,SP,-22.952660173511283,-49.85240794532348
3538808,Piraju (SP),2022,29436,1058.8355862416875,976906,SP,-23.186915609805368,-49.36610937066426
3543204,Ribeirão do Sul (SP),2022,4677,714.0946563544146,295844,SP,-22.751663714635793,-49.922668094563086
3545407,Salto Grande (SP),2022,9050,830.0157533900233,320746,SP,-22.8708893306003,-49.96076476070735
3546405,Santa Cruz do Rio Pardo (SP),2022,46442,1154.7564560157318,3445164,SP,-22.80924711549873,-49.56889971238036
3550506,São Pedro do Turvo (SP),2022,7217,789.2891427831017,235146,SP,-22.6789097177322,-49.77232200825506
3551207,Sarutaiá (SP),2022,3704,675.2185973124414,93449,SP,-23.257519341719156,-49.48173975323425
3553005,Taguaí (SP),2022,12669,892.4417172152654,391498,SP,-23.47445996825316,-49.39736296700195
3554201,Tejupá (SP),2022,4127,693.1072048903469,124784,SP,-23.34249356690006,-49.30656027327566
3554607,Timburi (SP),2022,2464,609.8893570146935,62755,SP,-23.195805606964502,-49.61039828457042
3502309,Anhembi (SP),2022,5674,747.1267867326513,171607,SP,-22.80002016647826,-48.1747034587517
3503109,Arandu (SP),2022,6885,780.9434367697293,188931,SP,-23.177681267308103,-49.064015362756486
3503604,Areiópolis (SP),2022,10130,850.6846225858153,174095,SP,-22.631834097869696,-48.65286001900731
3504503,Avaré (SP),2022,92805,1308.3369566921297,3871415,SP,-23.075118111819467,-48.89404098727185
3506904,Bofete (SP),2022,10460,856.608323817574,237971,SP,-23.12890518506306,-48.28580948305388
3507506,Botucatu (SP),2022,145155,1412.6647508863211,6709749,SP,-22.86339642670458,-48.468196696750226
3511409,Cerqueira César (SP),2022,21469,994.879634005602,1220434,SP,-23.05926080986216,-49.143754736480346
3512308,Conchas (SP),2022,15232,927.5912269157517,471793,SP,-22.965604054630465,-48.04707547156133
3512605,Coronel Macedo (SP),2022,4280,699.1816550323795,143742,SP,-23.63012739437819,-49.30689170478318
3521804,Itaí (SP),2022,25180,1026.9401001230826,997077,SP,-23.471414323284918,-49.05421984071309
3523503,Itatinga (SP),2022,19070,971.3820693915534,432050,SP,-23.153620343890566,-48.629380267715156
3535804,Paranapanema (SP),2022,19395,974.7159892282694,1134950,SP,-23.43845871278941,-48.79525701922114
3536109,Pardinho (SP),2022,7153,787.7072160636637,440221,SP,-23.102194507120597,-48.40178732326598
3500550,Águas de Santa Bárbara (SP),2022,7177,788.3019049281564,254817,SP,-22.85792842748538,-49.26105409767122
3550100,São Manuel (SP),2022,37289,1108.0622657133288,1482433,SP,-22.68222165913263,-48.54039767130264
3553807,Taquarituba (SP),2022,24350,1020.1580007835964,1227811,SP,-23.530168257834077,-49.23460440387532
3510401,Capivari (SP),2022,50068,1170.9701377368165,3335183,SP,-22.980697130440074,-47.478023719491
3511706,Charqueada (SP),2022,15535,931.3892158516171,610775,SP,-22.530148203803524,-47.74620375909062
3521408,Iracemápolis (SP),2022,21967,999.4593943262166,2118044,SP,-22.593686757522917,-47.52421860733674
3530904,Mombuca (SP),2022,3722,676.015542936231,147772,SP,-22.94272939181062,-47.60198762881385
3538709,Piracicaba (SP),2022,423323,1678.551053855698,42063297,SP,-22.726463226786084,-47.78391797135151
3542107,Rafard (SP),2022,8965,828.2971879963936,543863,SP,-23.045198289544246,-47.58377967016873
3544004,Rio das Pedras (SP),2022,31328,1071.6944333009774,2124686,SP,-22.85033502517437,-47.5983663924202
3545803,Santa Bárbara d'Oeste (SP),2022,183347,1468.7345281071543,9437421,SP,-22.800610267067636,-47.42807338195087
3546702,Santa Gertrudes (SP),2022,23611,1013.9418548315655,3508437,SP,-22.475082058810354,-47.521322954534895
3507001,Boituva (SP),2022,61081,1214.3943313290542,3980440,SP,-23.28759077207983,-47.67494288655623
3511508,Cerquilho (SP),2022,44695,1146.5306005240234,2566786,SP,-23.187121253642676,-47.75713352855564
3511607,Cesário Lange (SP),2022,19048,971.1545480063506,1032978,SP,-23.216506989684497,-47.903877748643445
3526407,Laranjal Paulista (SP),2022,26261,1035.4772434299257,1522678,SP,-23.012137217383575,-47.86569305015695
3537503,Pereiras (SP),2022,8737,823.6147231319768,334838,SP,-23.120458480127397,-47.97881256589772
3540507,Porangaba (SP),2022,10451,856.4489934073168,259915,SP,-23.17384836000126,-48.11736306998429
3554003,Tatuí (SP),2022,123942,1375.358744908831,5978312,SP,-23.362071412347472,-47.86946806633226
3554508,Tietê (SP),2022,37663,1110.164300392069,2473359,SP,-23.04938199997626,-47.707712456663785
3502903,Araçoiaba da Serra (SP),2022,32443,1078.9475445145363,1215671,SP,-23.543846226772253,-47.65149375810089
3508405,Cabreúva (SP),2022,47011,1157.3750947010085,6625402,SP,-23.30130150670403,-47.08020847840623
3510302,Capela do Alto (SP),2022,22866,1007.4952663856253,442199,SP,-23.467415243608194,-47.73095652428853
3521002,Iperó (SP),2022,36459,1103.3283158346007,1140856,SP,-23.40448242836252,-47.62912180445847
3523909,Itu (SP),2022,168240,1447.9662216007612,11782989,SP,-23.30713280508111,-47.28461498553997
3528403,Mairinque (SP),2022,50027,1170.792846218741,2613753,SP,-23.507949560949395,-47.22928912912291
3540606,Porto Feliz (SP),2022,56497,1197.2611264069076,4346577,SP,-23.230300849278713,-47.51691785288881
3545209,Salto (SP),2022,134319,1394.2822275114459,10822152,SP,-23.180479272754962,-47.302612992724974
3545308,Salto de Pirapora (SP),2022,43748,1141.948955836707,2659063,SP,-23.65277068970426,-47.58062584965193
3550605,São Roque (SP),2022,79484,1273.1310763105012,3900210,SP,-23.548960367907867,-47.109542236034194
3551108,Sarapuí (SP),2022,10369,854.9916521903165,228901,SP,-23.664278860881332,-47.78575500720298
3552205,Sorocaba (SP),2022,723682,1820.3696069967784,54465436,SP,-23.46454329834367,-47.446756584150734
3557006,Votorantim (SP),2022,127923,1382.784036278465,4518922,SP,-23.579868719452136,-47.40655872799041
3509601,Campo Limpo Paulista (SP),2022,77632,1267.816320969089,2976085,SP,-23.217930458627364,-46.7600582886591
3523404,Itatiba (SP),2022,121590,1370.8686492223633,9032761,SP,-23.00670296881355,-46.81430403994055
3524006,Itupeva (SP),2022,70616,1246.574935563572,9479462,SP,-23.14647819124037,-47.068382306241084
3525201,Jarinu (SP),2022,37535,1109.4470223225703,3245903,SP,-23.111949987119644,-46.721312464144646
3525904,Jundiaí (SP),2022,443221,1690.4742202130005,63835907,SP,-23.19459099624199,-46.913001302330535
3527306,Louveira (SP),2022,51847,1178.538726861809,19241992,SP,-23.084043220830694,-46.93760509985308
3532009,Morungaba (SP),2022,13720,907.5629621116377,708976,SP,-22.893857232386132,-46.78254478008228
3556503,Várzea Paulista (SP),2022,115771,1359.4089436210663,4339126,SP,-23.219258588177535,-46.824904356664234
3504107,Atibaia (SP),2022,158647,1433.8713876752931,8826312,SP,-23.12325231813453,-46.58676978513893
3507100,Bom Jesus dos Perdões (SP),2022,22006,999.8140931271162,1845067,SP,-23.172509490655887,-46.47895803040357
3507605,Bragança Paulista (SP),2022,176811,1459.9494137633906,9125117,SP,-22.938341866611065,-46.55594603702304
3525508,Joanópolis (SP),2022,12815,894.6079405762162,285354,SP,-22.938818783549067,-46.20917088199068
3532405,Nazaré Paulista (SP),2022,18217,962.3826808167578,505081,SP,-23.191419100087714,-46.36645928934634
3536802,Pedra Bela (SP),2022,6557,772.3401406080269,124824,SP,-22.775759887687027,-46.44180605099554
3538204,Pinhalzinho (SP),2022,15224,927.4900355177532,353045,SP,-22.77869094279019,-46.57342704141337
3538600,Piracaia (SP),2022,26029,1033.67209439645,708921,SP,-23.04688045991175,-46.302254667397314
3502507,Aparecida (SP),2022,32569,1079.752957717133,1145413,SP,-22.91418929530207,-45.237220522136965
3508504,Caçapava (SP),2022,96202,1316.5739016856921,5870325,SP,-23.103726861853435,-45.713327922252965
3508603,Cachoeira Paulista (SP),2022,31564,1073.2488645151186,727281,SP,-22.702346432364482,-44.99172986989012
3509700,Campos do Jordão (SP),2022,46974,1157.2056904260476,1662494,SP,-22.701614582235774,-45.533021015565474
3513405,Cruzeiro (SP),2022,74961,1259.9441220233305,3815247,SP,-22.551427661820803,-45.00629739814905
3518404,Guaratinguetá (SP),2022,118044,1363.9466643907067,8343081,SP,-22.7934700079702,-45.232950464453715
3520202,Igaratá (SP),2022,10605,859.158601189629,310647,SP,-23.134821464296746,-46.15033315419643
3524402,Jacareí (SP),2022,240275,1535.0068604092608,17761835,SP,-23.2988957598044,-45.990487572512315
3526605,Lavrinhas (SP),2022,7171,788.153398336216,154190,SP,-22.520343166424027,-44.88886399152196
3527207,Lorena (SP),2022,84855,1287.9297345139971,4172744,SP,-22.793961677116105,-45.06004725535061
3531704,Monteiro Lobato (SP),2022,4138,693.550486489693,90420,SP,-22.93655575327325,-45.80426190002009
3538006,Pindamonhangaba (SP),2022,165428,1443.9125741929445,13719557,SP,-22.879984958065833,-45.459298327675384
3538501,Piquete (SP),2022,12490,889.7551995656179,211422,SP,-22.590268258550008,-45.173752388606
3541901,Queluz (SP),2022,9159,832.1986542425708,451013,SP,-22.504232388697105,-44.785287113531666
3544301,Roseira (SP),2022,10832,863.0893077752268,416137,SP,-22.933028682472564,-45.302477164968415
3546009,Santa Branca (SP),2022,13975,911.0750793990478,323281,SP,-23.426391318678352,-45.86329463284783
3548203,Santo Antônio do Pinhal (SP),2022,7133,787.2102879968807,159642,SP,-22.83179271768637,-45.69805582237184
3548609,São Bento do Sapucaí (SP),2022,11674,877.0546185881732,305965,SP,-22.68140402566688,-45.68677754124262
3549904,São José dos Campos (SP),2022,697054,1810.2674987537237,56653327,SP,-23.09050561089995,-45.92859323664431
3554102,Taubaté (SP),2022,310739,1599.3923867930803,18462529,SP,-23.087121325611903,-45.50239972359446
3554805,Tremembé (SP),2022,51173,1175.6994048004358,1023338,SP,-22.9408490484888,-45.604213821734675
3502200,Angatuba (SP),2022,24022,1017.4202840968188,1661556,SP,-23.43683883266864,-48.45935378324877
3505005,Barão de Antonina (SP),2022,3531,667.380571498402,78067,SP,-23.58290131641028,-49.57197624134813
3508009,Buri (SP),2022,20250,983.2527256659484,702838,SP,-23.752010199750906,-48.57533170356938
3518503,Guareí (SP),2022,15013,924.8037595907828,331671,SP,-23.370473209541927,-48.219122261410625
3521705,Itaberá (SP),2022,17983,959.8477800513808,1204811,SP,-23.87125675428039,-49.14250220613236
3522307,Itapetininga (SP),2022,157790,1432.5744727765596,7249599,SP,-23.64542903078461,-48.12321526370692
3522406,Itapeva (SP),2022,89728,1300.6349043657,4196751,SP,-23.91393471298594,-48.87172066102819
3522802,Itaporanga (SP),2022,14085,912.5724270605369,367401,SP,-23.67291836386124,-49.45849744136681
3523206,Itararé (SP),2022,44438,1145.2959852172578,1304343,SP,-24.080454456656668,-49.303634827442345
3543501,Riversul (SP),2022,5599,744.8282529200948,102812,SP,-23.846876875927464,-49.44780136836342
3510203,Capão Bonito (SP),2022,46337,1154.270049652881,1395125,SP,-24.0392011179085,-48.289876122045754
3517604,Guapiara (SP),2022,17071,949.6768338406484,523934,SP,-24.212523781105734,-48.55583041467528
3519709,Ibiúna (SP),2022,75605,1261.8652783020166,2676377,SP,-23.80230795368208,-47.215215268968336
3537800,Piedade (SP),2022,52970,1183.1959278654786,1614593,SP,-23.786983322964435,-47.43813075221703
3537909,Pilar do Sul (SP),2022,27619,1045.7637764812878,1568002,SP,-23.856344222522335,-47.72811332497939
3543006,Ribeirão Branco (SP),2022,18627,966.7544908252643,445041,SP,-24.25616028309045,-48.77812300924942
3550209,São Miguel Arcanjo (SP),2022,32039,1076.3459077103146,941899,SP,-23.913919822765475,-47.99336330201139
3553500,Tapiraí (SP),2022,7996,807.6071749907265,191747,SP,-24.008721248000768,-47.619321579520374
3503901,Arujá (SP),2022,86678,1292.7588538891578,9448588,SP,-23.38600454699865,-46.31903604790028
3505708,Barueri (SP),2022,316473,1604.0205298073734,69665769,SP,-23.5052835920756,-46.87725948674533
3506607,Biritiba Mirim (SP),2022,29683,1060.555960586789,929917,SP,-23.624152696968945,-46.021335263389226
3509007,Caieiras (SP),2022,95032,1313.7673234760568,5172279,SP,-23.375915511169374,-46.74524175023975
3509205,Cajamar (SP),2022,92689,1308.0508524938432,24330164,SP,-23.351441772266046,-46.87204626079403
3510609,Carapicuíba (SP),2022,386984,1655.3752318173865,7817579,SP,-23.550055389080793,-46.84191924511463
3513009,Cotia (SP),2022,274413,1568.1024003706423,17274219,SP,-23.67512106727348,-46.9604902046255
3513801,Diadema (SP),2022,393237,1659.5024626178326,20056680,SP,-23.69723806383406,-46.61142499112255
3515004,Embu das Artes (SP),2022,250691,1545.540368128442,16591731,SP,-23.65134048908673,-46.8515355214147
3515103,Embu-Guaçu (SP),2022,66970,1234.7654482015664,1548218,SP,-23.854270789534933,-46.830648291873146
3515707,Ferraz de Vasconcelos (SP),2022,179198,1463.1918226153375,5179708,SP,-23.560992020850094,-46.37392918095018
3516309,Francisco Morato (SP),2022,165139,1443.4923923332578,2039346,SP,-23.273715897785983,-46.72353827411414
3516408,Franco da Rocha (SP),2022,144849,1412.1631496614414,5087143,SP,-23.314189342409712,-46.73576218786219
3518305,Guararema (SP),2022,31236,1071.0856013752757,1650452,SP,-23.42757891240285,-46.058577541408695
3518800,Guarulhos (SP),2022,1291771,1980.0780746806695,86373710,SP,-23.402665802464487,-46.45485159822258
3522208,Itapecerica da Serra (SP),2022,158522,1433.6826232721587,5275802,SP,-23.73719578767068,-46.8588007283035
3522505,Itapevi (SP),2022,232297,1526.65101823237,15017261,SP,-23.55095298681608,-46.96765542485719
3523107,Itaquaquecetuba (SP),2022,369275,1643.3437308492714,10755651,SP,-23.461457239347936,-46.33386149279182
3525003,Jandira (SP),2022,118045,1363.9486431049968,5752533,SP,-23.54415112474869,-46.89968607451248
3526209,Juquitiba (SP),2022,27404,1044.166032402946,623226,SP,-23.95520195512125,-47.02463317720113
3528502,Mairiporã (SP),2022,93853,1310.9070693483293,2484184,SP,-23.31725236733983,-46.56126352066756
3529401,Mauá (SP),2022,418261,1675.4353547910264,24111461,SP,-23.666159816368232,-46.44637740689659
3530607,Mogi das Cruzes (SP),2022,451505,1695.292986611651,22702759,SP,-23.569497412281894,-46.186055054452126
3534401,Osasco (SP),2022,728615,1822.203214792098,112145798,SP,-23.528771152774503,-46.78926913240558
3539103,Pirapora do Bom Jesus (SP),2022,18370,964.0243518816028,713385,SP,-23.37835654162992,-46.984914021433966
3539806,Poá (SP),2022,103765,1333.998205510327,4022935,SP,-23.530543161283948,-46.346793178061795
3543303,Ribeirão Pires (SP),2022,115559,1358.9815727283285,4665686,SP,-23.70104645471931,-46.40279284723374
3544103,Rio Grande da Serra (SP),2022,44170,1144.001612689609,1037153,SP,-23.737850343592793,-46.379459277819876
3545001,Salesópolis (SP),2022,15202,927.211513261172,271541,SP,-23.58019352240421,-45.84259458206899
3546801,Santa Isabel (SP),2022,53174,1184.0323014437004,1947788,SP,-23.288931573506833,-46.24234871356827
3547304,Santana de Parnaíba (SP),2022,154105,1426.9232952417178,12774324,SP,-23.44945254351128,-46.9168399116117
3547809,Santo André (SP),2022,748919,1829.6312126332625,36470029,SP,-23.727959728835547,-46.441621593514924
3548708,São Bernardo do Campo (SP),2022,810729,1851.147764815555,65652404,SP,-23.812937778548665,-46.550798290986215
3548807,São Caetano do Sul (SP),2022,165655,1444.2421416063066,18128059,SP,-23.626136714808784,-46.56604635924995
3550308,São Paulo (SP),2022,11451999,2641.8194638565274,945946483,SP,-23.649855126010937,-46.64800664155718
3552502,Suzano (SP),2022,307429,1596.684819806002,16866186,SP,-23.608353567628622,-46.31044003950839
3552809,Taboão da Serra (SP),2022,273542,1567.3063039038466,10975626,SP,-23.620534121486756,-46.78640295665024
3503505,Areias (SP),2022,3577,669.4970173148862,63771,SP,-22.673081003818346,-44.71236484988265
3504909,Bananal (SP),2022,9969,847.7318660250319,236093,SP,-22.73380063898285,-44.33445468200176
3513603,Cunha (SP),2022,22110,1000.7571980532796,355776,SP,-23.052765242856744,-44.941991212473454
3524907,Jambeiro (SP),2022,6397,768.0041170155753,369698,SP,-23.27927723463052,-45.710572438334346
3526308,Lagoinha (SP),2022,5083,728.2330038468938,83002,SP,-23.085791629936455,-45.20679533898975
3532306,Natividade da Serra (SP),2022,6999,783.8486173263866,120668,SP,-23.415138845234516,-45.38143092045712
3535606,Paraibuna (SP),2022,17667,956.3771607110947,364786,SP,-23.47832471279504,-45.641888773572354
3542305,Redenção da Serra (SP),2022,4494,707.3648422363066,82130,SP,-23.253652269428677,-45.52616450658401
3549607,São José do Barreiro (SP),2022,3853,681.7156484333461,66748,SP,-22.748869699405596,-44.58724587490492
3550001,São Luiz do Paraitinga (SP),2022,10337,854.4201440112546,220582,SP,-23.240102469749345,-45.25385565081264
3552007,Silveiras (SP),2022,6186,762.1366742558986,101329,SP,-22.734584851374965,-44.840921643002076
3502705,Apiaí (SP),2022,24585,1022.0991180019853,982326,SP,-24.421506460961915,-48.8173697954856
3505401,Barra do Turvo (SP),2022,6876,780.712267439481,138338,SP,-24.888701405982996,-48.42698452537898
3521200,Iporanga (SP),2022,4046,689.8106476873011,65473,SP,-24.51261796457723,-48.54623374675985
3542800,Ribeira (SP),2022,3132,647.9327594774575,56194,SP,-24.607328215737358,-49.036555316337775
3509908,Cananéia (SP),2022,12289,886.6971577302925,286747,SP,-25.01833174138093,-48.008424440307856
3514809,Eldorado (SP),2022,13069,898.3245163447232,309186,SP,-24.49491338476636,-48.23354962819933
3520301,Iguape (SP),2022,29115,1056.580215871249,2376543,SP,-24.549485285716415,-47.47416988963721
3524600,Jacupiranga (SP),2022,16097,938.2611632634893,579595,SP,-24.77726343910599,-48.05382120972228
3526100,Juquiá (SP),2022,17154,950.6223990041007,379655,SP,-24.21360941580348,-47.65222497246099
3529906,Miracatu (SP),2022,18553,965.9718669780709,471306,SP,-24.194993547731595,-47.39459904375369
3536208,Pariquera-Açu (SP),2022,19233,973.0604866918594,661857,SP,-24.67822968366353,-47.85007447480966
3542602,Registro (SP),2022,59947,1210.267560639883,2726881,SP,-24.503986381653494,-47.82070795589346
3551801,Sete Barras (SP),2022,12730,893.3494841735233,363320,SP,-24.273862127720307,-47.93411469496625
3513504,Cubatão (SP),2022,112476,1352.6841730704023,28715658,SP,-23.86589309149671,-46.408185135518394
3518701,Guarujá (SP),2022,287634,1579.9092542524997,11474578,SP,-23.951227713975392,-46.23523682419928
3522109,Itanhaém (SP),2022,112476,1352.6841730704023,2611455,SP,-24.09221338729268,-46.83450731078513
3523305,Itariri (SP),2022,15528,931.3022256968261,327126,SP,-24.292690676184176,-47.12812529991101
3531100,Mongaguá (SP),2022,61951,1217.5134138127223,1396444,SP,-24.070169887225617,-46.6680550382727
3537206,Pedro de Toledo (SP),2022,11281,870.6523150539664,169835,SP,-24.163655475586303,-47.1634440238609
3537602,Peruíbe (SP),2022,68352,1239.309109360798,2471440,SP,-24.279239792379517,-47.01297284520619
3541000,Praia Grande (SP),2022,349935,1629.5805923305488,9984881,SP,-24.015598300216336,-46.52271791742947
3548500,Santos (SP),2022,418608,1675.650043774679,27510857,SP,-23.868877407641182,-46.29150057675641
3551009,São Vicente (SP),2022,329911,1614.5712955521076,6746301,SP,-23.959241370205042,-46.488269284555436
3510500,Caraguatatuba (SP),2022,134873,1395.254435650431,5575378,SP,-23.639651412333762,-45.48803482525
3520400,Ilhabela (SP),2022,34934,1094.3703697635751,24913501,SP,-23.848483378992558,-45.32319960831158
3550704,São Sebastião (SP),2022,81595,1279.0531647173777,18873506,SP,-23.754285344015486,-45.60677737943077
3555406,Ubatuba (SP),2022,92981,1308.7704232293252,3218974,SP,-23.381039450937614,-45.02391183484608
3556453,Vargem Grande Paulista (SP),2022,50415,1172.4653749022289,3266317,SP,-23.620893277037737,-47.01471108312354
3503356,Arco-Íris (SP),2022,2044,581.0500571480825,62022,SP,-21.766345902940216,-50.43093434435044
3507753,Brejo Alegre (SP),2022,2565,616.1800607633116,78574,SP,-21.17653843639383,-50.209799091987726
3509957,Canas (SP),2022,4931,723.0606133658772,131852,SP,-22.73006659100753,-45.04134368791578
3515657,Fernão (SP),2022,1656,549.4012083093502,79803,SP,-22.365796508616416,-49.54237829522231
3516853,Gavião Peixoto (SP),2022,4702,714.9959355647076,1258363,SP,-21.791582522344303,-48.44786641810793
3521150,Ipiguá (SP),2022,6761,777.7345732956849,146481,SP,-20.64796772971157,-49.403527323908754
3525854,Jumirim (SP),2022,3056,643.9841253109945,237905,SP,-23.099629771333547,-47.7881262078462
3532157,Nantes (SP),2022,2660,621.9027987543329,156852,SP,-22.596888952126694,-51.20088344920192
3532868,Nova Castilho (SP),2022,1062,485.5175864455537,63340,SP,-20.777820138914045,-50.34576207719032
3534757,Ouroeste (SP),2022,10294,853.6496902153,608636,SP,-19.922420530288747,-50.40197643590097
3536570,Paulistânia (SP),2022,2090,584.4479179092615,52259,SP,-22.56841364888782,-49.305512586089435
3540853,Pracinha (SP),2022,2578,616.9739892604763,36227,SP,-21.83749760916369,-51.07518625721376
3541059,Pratânia (SP),2022,5126,729.6714622043584,132255,SP,-22.818544075658387,-48.69688998415658
3541653,Quadra (SP),2022,3405,661.4569255548109,157134,SP,-23.301005920630736,-48.038602944555485
3543238,Ribeirão dos Índios (SP),2022,2025,579.6271724409747,45555,SP,-21.784231062871637,-51.58326764902735
3546256,Santa Cruz da Esperança (SP),2022,2116,586.3397977163987,61840,SP,-21.274826525780767,-47.43961549455752
3547650,Santa Salete (SP),2022,1645,548.413660176662,44240,SP,-20.25868453357927,-50.720152390728636
3553658,Taquaral (SP),2022,2619,619.4552337268499,55234,SP,-21.06928059431061,-48.39944282103705
3554755,Trabiju (SP),2022,1682,551.7130428316093,52601,SP,-22.032286491911407,-48.34513216405713
3556958,Vitória Brasil (SP),2022,1794,561.3310643182552,47829,SP,-20.198385795460734,-50.48547679642613
3500758,Alambari (SP),2022,6141,760.862432516643,133707,SP,-23.548928302652193,-47.869043978101125
3501152,Alumínio (SP),2022,17301,952.2870443781097,3594286,SP,-23.53299164845359,-47.28126714903247
3502754,Araçariguama (SP),2022,21522,995.3715574023477,5128859,SP,-23.434438728103625,-47.07239989404216
3503158,Arapeí (SP),2022,2330,601.1867810176574,47563,SP,-22.672911784563787,-44.43858802940472
3503950,Aspásia (SP),2022,1842,565.2945448074639,44377,SP,-20.18355345878262,-50.72804600271354
3505351,Barra do Chapéu (SP),2022,5179,731.4298585979885,163232,SP,-24.443769371648944,-49.085296768805925
3506359,Bertioga (SP),2022,64188,1225.3541444047219,2276073,SP,-23.759757291825398,-46.029898483903494
3507159,Bom Sucesso de Itararé (SP),2022,3555,668.4878032844042,66937,SP,-24.315946368310755,-49.16460481200054
3507456,Borebi (SP),2022,2713,625.0183669974431,81816,SP,-22.680639192920697,-48.99228644121047
3509254,Cajati (SP),2022,28515,1052.3037064673194,2228754,SP,-24.77201007084981,-48.19498569444952
3509452,Campina do Monte Alegre (SP),2022,5954,755.4770955967952,176896,SP,-23.606810429859788,-48.44205385622696
3510153,Canitar (SP),2022,6283,764.8556925195855,215548,SP,-23.0187132320497,-49.79185211160167
3513850,Dirce Reis (SP),2022,1620,546.1478154210283,81422,SP,-20.44844009121937,-50.6281365036733
3514924,Elisiário (SP),2022,3138,648.2409082411905,84550,SP,-21.161290904988302,-49.092068348619726
3514957,Embaúba (SP),2022,2323,600.7202873583773,66132,SP,-20.95289948862605,-48.84749252995153
3515129,Emilianópolis (SP),2022,3014,641.7649558187173,78918,SP,-21.800979037079657,-51.472142463525095
3515152,Engenheiro Coelho (SP),2022,19566,976.4500362384468,754022,SP,-22.487086496801833,-47.17480122408775
3515194,Espírito Santo do Turvo (SP),2022,4157,694.3137182504026,96443,SP,-22.670890435240384,-49.4329458215788
3515350,Euclides da Cunha Paulista (SP),2022,7924,805.9822480030446,134967,SP,-22.518962325867474,-52.58858405018171
3518859,Guatapará (SP),2022,7320,791.8091047504597,227822,SP,-21.453259784168075,-47.979908521370895
3519055,Holambra (SP),2022,15094,925.8389609947159,1518913,SP,-22.630261490249627,-47.06500566239606
3519071,Hortolândia (SP),2022,236641,1531.23288208853,21420797,SP,-22.878429737622042,-47.20774420449491
3519253,Iaras (SP),2022,8010,807.9216221511352,185128,SP,-22.819104763153067,-49.10683359699693
3520426,Ilha Comprida (SP),2022,13419,903.3413054729186,2303082,SP,-24.858932575797017,-47.715154277231775
3520442,Ilha Solteira (SP),2022,25549,1029.8907786633727,768553,SP,-20.43139708652482,-51.25889819834622
3522158,Itaoca (SP),2022,3422,662.2672587704504,56551,SP,-24.61789141913623,-48.83899854429916
3522653,Itapirapuã Paulista (SP),2022,4306,700.194857051177,63290,SP,-24.56896496907349,-49.22292141949696
3527256,Lourdes (SP),2022,1950,573.89482812918,43633,SP,-20.94913567117623,-50.23403644936567
3528858,Marapoama (SP),2022,3292,655.9785966276838,124020,SP,-21.255493526361867,-49.13775002278918
3529658,Mesópolis (SP),2022,1952,574.0501556099123,78852,SP,-19.957482043286493,-50.61540762119919
3532058,Motuca (SP),2022,4034,689.317340461158,132075,SP,-21.513797422952614,-48.170301175317334
3532827,Nova Campina (SP),2022,8497,818.5668515476517,229916,SP,-24.190624642508126,-48.972879983253435
3532843,Nova Canaã Paulista (SP),2022,2032,580.1527371997275,46090,SP,-20.372036177818217,-50.910559797237745
3533254,Novais (SP),2022,4412,704.270634631393,81999,SP,-20.988527877419394,-48.91797125810135
3536257,Parisi (SP),2022,2892,635.1617520532465,56107,SP,-20.271538783522114,-50.03738098714517
3537156,Pedrinhas Paulista (SP),2022,2804,630.2458113530264,203321,SP,-22.816913137760032,-50.80243085796811
3540259,Pontalinda (SP),2022,4127,693.1072048903469,97316,SP,-20.4506575972417,-50.52506736161621
3540754,Potim (SP),2022,20392,984.639036478414,333132,SP,-22.825273015805447,-45.30316502444109
3543253,Ribeirão Grande (SP),2022,7450,794.9450876135592,114005,SP,-24.18862380178135,-48.35881340849377
3544251,Rosana (SP),2022,17440,953.8494606701498,1631428,SP,-22.48915234471098,-52.836800341478096
3545159,Saltinho (SP),2022,8161,811.2824653318036,431950,SP,-22.87120860228413,-47.73181863404961
3548054,Santo Antônio do Aracanguá (SP),2022,8379,816.0383055155893,292812,SP,-20.87305720235695,-50.554416064169864
3549250,São João de Iracema (SP),2022,1846,565.6207788536482,52815,SP,-20.520801259002685,-50.35627678561127
3549953,São Lourenço da Serra (SP),2022,16067,937.8998105105929,301589,SP,-23.85239532405811,-46.93635689506191
3552551,Suzanápolis (SP),2022,3408,661.6001829934538,386090,SP,-20.47291972679364,-51.075609586230684
3553856,Taquarivaí (SP),2022,6876,780.712267439481,453976,SP,-23.94329968799886,-48.68794510795494
3553955,Tarumã (SP),2022,14882,923.118905246235,918710,SP,-22.763486915315983,-50.60140991044548
3554656,Torre de Pedra (SP),2022,2046,581.1991652861075,37807,SP,-23.250094420261437,-48.212681712233724
3554953,Tuiuti (SP),2022,6778,778.1775695820709,193508,SP,-22.830265066083488,-46.68762887020702
3555356,Ubarana (SP),2022,5365,737.4776094873716,230723,SP,-21.21974925751865,-49.748200392235105
3556354,Vargem (SP),2022,10512,857.5265123260326,183035,SP,-22.890170685608247,-46.414474817723274
3557154,Zacarias (SP),2022,2692,623.7903095689328,146668,SP,-21.125443826419367,-50.049420240812616
3557303,Estiva Gerbi (SP),2022,11295,870.8837837835268,444697,SP,-22.23607512094872,-46.943079209785985
